company,company_url,amount_usd_millions,amount_reported_millions,reported_currency,stage,lead_investor,announced,source,source_url,also_reported_by
InRisk Labs,https://insurtechdaily.io/company/inrisk-labs/,27,27,USD,Series A,,2026-08-08,Indian Startup News,https://news.google.com/rss/articles/CBMi2wFBVV95cUxOX3dGb0hTa2xqWFVGa2FBQ01oOUYwRHBGWGJFMWlGYWRySFM2cWpCNFRUU1lUNndxaG9JRmhIWlNTaS1DWlBuQkFYU01OQ01aQVNkQ1B4Z0t0WDRUR3BJMlE0ZmVPQkRhTWRvTjI2WTF2R1VkRV9XU1ppMm1YNkNVMzBHbmNJc09kTHJ1d1BYdUMxbDBnUmJvLV9DU0JsV0REbGQzamduUzJ1R3BBQkRPZDVXUExKT08zVTBVMXlqekNyZHVlMDF3SXBaVTByX2MyMDk5Tk5WNkJNTWvSAdsBQVVfeXFMTl93Rm9IU2tsalhVRmthQUNNaDlGMERwRlhiRTFpRmFkckhTNnFqQjRUVFNZVDZ3cWhvSUZoSFpTU2ktQ1pQbkJBWFNNTkNNWkFTZENQeGdLdFg0VEdwSTJRNGZlT0JEYU1kb04yNlkxdkdVZEVfV1NaaTJtWDZDVTMwR25jSXNPZExydXdQWHVDMWwwZ1Jiby1fQ1NCbFdERGxkM2pnblMydUdwQUJET2Q1V1BMSk9PM1UwVTF5anpDcmR1ZTAxd0lwWlUwcl9jMjA5OU5OVjZCTU1r?oc=5,theinsurer.com; YourStory.com; CXO Digitalpulse
Corgi,https://insurtechdaily.io/company/corgi/,30,30,USD,,Yunfeng,2026-08-05,Beinsure,https://news.google.com/rss/articles/CBMihgFBVV95cUxOb1FEV3BHbGV1RnBTeG1KM3l4VkhVSVpxX3dQWkhpckZXckowUnZLdWtPVXlkSFQzX0dLaDRfNW93NUdJcXZLTXJNY09yX1E5OVBkcVlWU0JKU3JvRGV1ZTVKRDZNcU9VNS1tcUgxR0l1cHdYSzlHZnM3N3pMY2xtR2dfemQtQQ?oc=5,
Faye,https://insurtechdaily.io/company/faye/,50,50,USD,Series C,Madrona,2026-08-05,Beinsure,https://news.google.com/rss/articles/CBMigwFBVV95cUxPZHhmYmJaZlJBLTZfZ3BGeDVrZFZjdmx5YlVCaEhhRUlhS3lJdHBuVUJ4MUw4ZGdkdGs1WFk3WUVuVGxuZm1wNGF3d3N6aXFyLVZNbEVMX3NGMllQTFA3QlloR0xSS3BCTUhrNlYxeHFWYmVjQllfMkV5cWZvQ3hPQjBRMA?oc=5,citybiz; Richmond BizSense; Skift
Advocate Technologies,https://insurtechdaily.io/company/advocate-technologies/,18,18,USD,,,2026-08-04,citybiz,https://news.google.com/rss/articles/CBMiywFBVV95cUxNczE2Qjl1SDBqcTJZQU8zNmRLSnkwbWpyelUwd0k1dFBZMHdqajBOTnBlMzhFa3cwcHQyRUZhNGJQQ3pLQlNGY2ZLUmIyU2IyQTBtT0NsRnhXMDRKRlZpcTgybEdscWVZcVU2UFlQTUJzNkJ5TXFuN0F4R3Y1VW1uUVBfOGZwODB6M1pleEVDZ2NKUnFVeVMtUGNYRmFXVHVZYXE1U3FYQm82dTJkT1h3b2h0UVpUdi1ONHFxVVdSeVp3a2hrdjZyOEppNA?oc=5,
Curant.ai,https://insurtechdaily.io/company/curant-ai/,3.1,3.1,USD,,,2026-07-29,Coverager,https://coverager.com/curant-ai-raises-3-1-million/,FinTech Global
Terminal,https://insurtechdaily.io/company/terminal/,20,20,USD,,,2026-07-29,Coverager,https://coverager.com/terminal-raises-20-million/,
AGI,,70,70,USD,,,2026-07-27,FinTech Global,https://news.google.com/rss/articles/CBMimwFBVV95cUxOcV8wVk1GdjEyRERYTmwyRDZoR250TGo4X09JTHFueHRjbVdWY1ZTQ01wZG1kZmo4Vkw1Tmxxczlia3dRTDJCcGVyc0N6ZWhsWDZmMHNuNTRKVlh5eGRLdVFOVjVKdUJMYjNzbFQ5SC1nQlR3MDFkbklsSzdtVkdMUU1lZWQ4dmxDZnhraGc1amNXS1JyTXZzV1QtWQ?oc=5,
Ominimo,https://insurtechdaily.io/company/ominimo/,21.708,20.1,EUR,,,2026-07-27,Insurance Nerds,https://news.google.com/rss/articles/CBMi3wFBVV95cUxPYUVXVTBxNmRQS3B0Q3I4ZDBEcDQzZy1PS1ZqN1FMRHgteDAySWVyQ2VyMFBseGdMTkdIUDRzenh5ZzRLVzZqM2lVSWdWMW1tWFY1YkFhOVBxanFZQ1M0YTA3T0FsNG5aeExGblNCbnZucWNORzJpeFRyaWJYUVFjNThYOHhaMWxEQ2dlVi1uMFNyY3U3QXFjZXNxd1NGd2dlbnZoNE5WRUFFdElxcElJbVhmUHJPZmJOX1FVWGZmUmRicXRWRnVrVFJ6RXBDTUZQajlpTmdHX090U1hHVUtz0gHfAUFVX3lxTE9hRVdVMHE2ZFBLcHRDcjhkMERwNDNnLU9LVmo3UUxEeC14MDJJZXJDZXIwUGx4Z0xOR0hQNHN6eHlnNEtXNmozaVVJZ1YxbW1YVjViQWE5UHFqcVlDUzRhMDdPQWw0blp4TEZuU0Judm5xY05HMml4VHJpYlhRUWM1OFg4eFoxbERDZ2VWLW4wU3JjdTdBcWNlc3F3U0Z3Z2Vudmg0TlZFQUV0SXFwSUltWGZQck9mYk5fUVVYZmZSZGJxdFZGdWtUUnpFcENNRlBqOWlOZ0dfT3RTWEdVS3M?oc=5,
Klaimee,https://insurtechdaily.io/company/klaimee/,5.5,5.5,USD,,,2026-07-27,quasa.io,https://news.google.com/rss/articles/CBMifkFVX3lxTE13VWpoUE91WmFZRmZyN1FjMHBmV0hQa1RFQ2thYUJiOHp6N3JGVUtKTzZqMERPSlQyclZ6ZmpEV1R3UDlZVDVKNjRGSTdadFZObTRIdklDZFlCRldweW9ETzMxWDNndDBCTmhaSldlNUZMOENBQVBWTXZlOW1JUQ?oc=5,Beinsure; FinTech Global
NeuralKart,https://insurtechdaily.io/company/neuralkart/,0.282,23.5,INR,Seed,Inflection Point Ventures,2026-07-23,Whalesbook,https://news.google.com/rss/articles/CBMi3gFBVV95cUxPeE1FeUhTQnp2M3I0a3hQV01JQl9teHpJVkJZbkdpUzRUWjdZMDdwR0lrVnhfc0x1QnBhZmFiMHR2S1RiN0FLdU1nT1F6T2s2RTU3NDRhS2NDcklzUmtsN3RIWUhmalpjQlBDeEVJbjJmRTM0QTVGSXlPcVFlWmNkQ3VHUXBBMkNseDlVOXQwN2lUaWFvdkRvV09nSjdneFpKaGc1UTJiaVRRY1AyLUNSTGl5Z1p0ZVljQ2RXRllmY0J1akRpWm1jaVhMN182RkZDb1pCMDZhMTg2MEI5S2c?oc=5,India Technology News; Indian Startup Times; Local Samosa; Indian Startup News; My Startup World
Coverwatch,https://insurtechdaily.io/company/coverwatch/,4.5,4.5,USD,Pre-seed,,2026-07-23,Beinsure,https://news.google.com/rss/articles/CBMiekFVX3lxTE1QWXU4aWdCa09HUzRDT2xUd0l1TGxUVWh5TnppbjlyUDRtZ09NX3ZTc0NtLTRvZ1R0NFlUTkh6TWhGTW00NjUzblBFNzdrcmVLcnFZZlBFXzZRR1o1SDJTNHpYX3NTeWU2QkxqeEdob0JoYm1WbHZPZ0Z3?oc=5,
Cover Genius,https://insurtechdaily.io/company/cover-genius/,100,100,USD,,Vista Credit Partners,2026-07-17,Insurance Nerds,https://news.google.com/rss/articles/CBMiqAFBVV95cUxQZmdzeUxPYXZNQzZscTE4NkJyUTZTY0NGZDlXNGx1aElMUWtWcF9qX29PbkNzYlYzWTF4ZWttN29VSFhSUGNYNmpNUHVWTnJTZXFXM241NFpuSEV2SFRKbGh4ZndWd0UxdVBfSEpfc05YMVhJZW4zX0IxRnlfall5am9ZTFNVdENHOTV4YkptZWFiZkpjZm51WUY0eThMbVAwU3ljbFRfOWLSAbgBQVVfeXFMT1ZKNEdKQ1lSZGN6cFlMYWtVdUxuTV9yODFoOU5SRmJuNGU3Q2pBdWZPVU0zdDQtSm45WnFKZk03VXZFdm1rdkpoSTBzU3MxUlhsb2s2M1Q0cGlTSllLdlV6dTZndl9heG5qSy1NSWVLNE5zdWVsTGNlTHRsVVppSGJMVkRfeTZFTUVLWU1Renpuc3ZuZTYzNHBGTXllZEdwZFJlVWlsdzVLZzlZWnJzODBCckZUZURrMg?oc=5,FinTech Futures; Tech Times; Beinsure; citybiz; Business Wire
American Growth Insurance,https://insurtechdaily.io/company/american-growth-insurance/,70,70,USD,,,2026-07-15,Insurance Nerds,https://news.google.com/rss/articles/CBMiwAFBVV95cUxQZ2VZc0FfblZCQk5qMFhjbWVhdUJQX3N1TE1HdlYtV1BabGdXOXU0YUxOcW56OXJiaEQxaFd0UmFMem94eXp0aGgwaVozc2VabXp4dGxEZnFUS0xLb3RlMVp2blFPb21mUXFzVms4eTZVRm5meWN3M2w3c1NsMHhhUHVwcnJ1cFBSV01yOU9jOFZxNFRNVkpmSV8tUUVDVTRwZllabmFINW1idlJTRXA2YWlBckpYTktmazVFaThIWWnSAdABQVVfeXFMTTFGdTZfVm05b09zc3MtdGhmbENDWkpWSk5kOUtBTHNScWF6QktvTzVhSXVkclkxdWZWZWNpSktHMUY2cExBLUJobDJtLXRuVDByR1BLLWN5cVg2d241WUJtVFkwQkNrRmNUU0JWNEhfbVlsLTZPYXRkOFcwRWpFTGloMUlCVmszNmVXdHJDd2t3eFkzWjNrVHVad1ZOMTFFZTVRa0pISHQxOWRlbzlva0MtN2cwTGNMdTRmY0hMOVFKSjlIRUlJLTB5YkRaWjU2ag?oc=5,
PolicyStreet,https://insurtechdaily.io/company/policystreet/,26,26,USD,Series C,BlueOrchard,2026-07-14,Insurance Nerds,https://news.google.com/rss/articles/CBMipwFBVV95cUxNNlNUUW11YUx1V1FwV2xUVHVacXUweVN4YWc5YlRsV3dyYzFqY2EtcVlEa2JjZTdNUlBlZ2FSZUNvWnNUbzlQN3lUZEhmd1B0OHkwY2pKRUNNNDUyLTBjalEyeXpVbXlFdmNOenBiOVQ3c3hBZHNrUEZ2NjZuV2xyRk1hS3BSSzRDSUtkWE5lRWNWcVdIS2xiOHAyb0FCaHdCMlFDZ0RNSdIBtwFBVV95cUxNWFFiTkc4ZVFZY216NVlmVUhnSGw5Yko1VUh6SFVwUEowR0w2TlphTWlDZGVmLUVYcG1Xc3ZBdmNxYk1BSkdTZUp3OFNEdDA5RGdSSk9aaEF2cjVBVTFoQ2F6M0RoLW84dkczbWRWLXJDYlhhLXBzXzFoWDYzbm54Y0VKcjJQeGp2VE9sSEVnS25LSklYeU5wZXN4eENDTlprUTNMQWZGWjQydXJkM2FaaWVCNnp4ZFU?oc=5,Beinsure; Digital News Asia
Adaptive Insurance,https://insurtechdaily.io/company/adaptive-insurance/,5,5,USD,,,2026-07-07,theinsurer.com,https://news.google.com/rss/articles/CBMi0AFBVV95cUxPV0lMTktiQXpzS2FESG9rNTFOMjdpOW5sQkI2c2t4U3NZS2x2V2JVZVE1NlpCR204eVhjV3FrZ3VneEJIaDFVQTVjcmFpNThvaUZUTVcyckpzeEg5YXF1dmY3c0RKckNwUnNjZXRmLTVBSHJDcUtld0pyTXQxU2x6VlNLdHVzWkpIMkxISnlKZ1hZUDhoMHE0OXJ5MFpOMVBMNUlma242MDVPTWc3WXpnSTNfV040WG1vUlpFZ0w3WS1NWi1UZEpGOXQyMC1HYkZk?oc=5,
Panora,https://insurtechdaily.io/company/panora/,5,5,USD,,,2026-07-07,Beinsure,https://news.google.com/rss/articles/CBMihgFBVV95cUxPdXRTU3BidmdLQ242V3ZUbENsZzhyV3FKTWxPMGdLaGVqQzlQSzdmM0JCSnR0WGx0T0tsMXdIdE9FSXE1cl9lb2JIUFZKUV9WZjNZTDF6T01JQmV4TWQ5VGh2aFpRdDFKYms2Yk5odDlfcWxFdTdUTjVRTGluSDRaaVZwNVcxUQ?oc=5,
Joyn Insurance,https://insurtechdaily.io/company/joyn-insurance/,17.7,17.7,USD,Series A,OMERS Ventures,2026-07-03,FF News,https://news.google.com/rss/articles/CBMivAFBVV95cUxOZzNZcnNtV2ZCdzE0ZG1QR01rSjBOU2wxT2ZndWRPYnpDUk9ScW9jQzdSNExJS3FLN3lxWlJ3TkZfUnpUc2trOWlCTTNHYzFvcmxXeXpad1RiQi1JZXNPWWlLQkNLS3QwYVA2MUFtVEdzcXVXaU5oN2hmaXkwWElXbDZBenZoTkRpa2VwNURZWGlUTFJPRkpDTzNLdDJxajRJV3k5R09KRGtzUnMzY1dIWE81N282WWRfUEV2NA?oc=5,
Alan,https://insurtechdaily.io/company/alan/,518.4,480,EUR,,Prosus,2026-06-26,Insurance Business,https://news.google.com/rss/articles/CBMi7wFBVV95cUxPUU1xdEhnM1M0RE83bUtiVHM1NzFwd0FBWFNwODBObE5zTm1menZfV2UtT2dtMFF6dWdHUC1CUlRBRGtrRHFPazQ3MjQ3a2l6V3pPcUVRelBlQmpQMGUyN181NFl1eWw0ZXh2NkkzMkw1N2VWVkZxZmRRVk9nRU4tY3NQRng1bVV2Zy1rUEF1Y044LTlXOTdBeGFPdHdlMjJ4LXRvZVhsU3hqQXV2TThPMjFnRFNyN2VXanJ4TktyZU83V1VlZzNsUTlpZTNnLU1lekVXOC1Vd3ZBLV9OSE15QmhDZFo0ZTl4ajN6TXc5bw?oc=5,FinTech Global; Tech Funding News
EdenCare,https://insurtechdaily.io/company/edencare/,0.27,0.25,EUR,,,2026-06-23,innovation-village.com,https://news.google.com/rss/articles/CBMivwFBVV95cUxOVUwydlBUNTFDdWg5MW1MdHc1TDdmOTBZajVOZE9GYlNiNFJqY09sU1NxVVlCQ3lMVWRFOFZhZmtpLThvWDNqSmU3RmliOWQ5a1FxdlIyd3dFY1ZpQ2dGd0hOREZ2U0ltOWpvQTBGNHdMMDdOM3EyNmhBSW1lX2FUdVB1ZXlENV9lTzhRUENmMVJxRUpESjBzaEJCelNGakFyRTFmSm42cjZoTGhjZWl5MG1CZExhNFdLZ3JEOHBmOA?oc=5,
Braven,https://insurtechdaily.io/company/braven/,4.6,4.6,USD,Seed,,2026-06-16,theinsurer.com,https://news.google.com/rss/articles/CBMipwFBVV95cUxNT25UV2E0OW1lYXpvREo3MklwcEl6dmVJNEYtWEQ3bkpuUkdQNWxfUWc1S3JlT0RZbzRPMnk2N2Z4bHN5cVZaNUhqNElpcXFjMU9JbnQ3ZTVlWm16aVNTajNmQm9JTkFRbHFCb0Vzb1BKYVk3dWhla3FjcU1UOG1TWXJVYnU0Rk1TQ0hnWWh5ZXNfeDN4ZURGQm1oNmxmcHFzQ0FkTU5aQQ?oc=5,Beinsure
Tugboat,https://insurtechdaily.io/company/tugboat/,3,3,USD,Seed,,2026-06-15,citybiz,https://news.google.com/rss/articles/CBMivAFBVV95cUxPS1lpalU4UVpjYlZiMXF2WTNwMjJTRmhoeGhNOGk0Qm9ZTHYyeHc4bzVveHdHQklpS0FWeEpYTm5iblZTanFQM1djbk9wMldfejRZTWlKb05mOV9ZYWpoQUtsbk5kU2FudmhzVnF0bjRHeHBORjZPNTM5bENmNmtYc1Bra2dJOGdEZlVTeVg1SjJCQVFZdGdGWWF5Sm5la09nUDVXX1QzN0pxQmUyQm9wWC1XaVl5dE9WUTdSWg?oc=5,
Honeycomb,https://insurtechdaily.io/company/honeycomb/,40,40,USD,,Zeev Ventures,2026-06-04,calcalistech.com,https://news.google.com/rss/articles/CBMiaEFVX3lxTE1vazJHT0VHbXNjMW5zeWFCNmVVZ3B5N3piWnRvUkU2Y2F1MnhxWkhoQTg3Yi0xQm9DQlJERWlhQW9GVElkUUdLWmxjOVJEcnY3U293SUdhMnlERTBKOEd4T1M3UG5CcWxC?oc=5,FinTech Global; Yahoo Finance
Pace,https://insurtechdaily.io/company/pace/,46,46,USD,,,2026-05-27,theinsurer.com,https://news.google.com/rss/articles/CBMimAFBVV95cUxOaTJ5N3cyQXRvYVNFVmF5dWI5ZWlqQzFpdkVlNjZlcTJDUk9pWHFRcVBxTFltR1FNcHNuSnAwV1dBMVlISnRUVlpvVm83LTZmdUYyeDFra3Bsdlo1RFM0aGlvY1dsY08zbndtS0hZVDZLSmlmWk1VblA0aGxJSno5cE9naW85VFVwaW1reGx2SENDbUJrUFRUZQ?oc=5,FinTech Global; Forbes
Outmarket AI,https://insurtechdaily.io/company/outmarket-ai/,17,17,USD,Series A,,2026-05-14,FinTech Global,https://news.google.com/rss/articles/CBMijgFBVV95cUxNdjd6SUxoa1hiMGZLVWJ2WElkbmdrMk92dFVZd2dVdEhkTDFhYl9UazFDVXJUTS1KZ25XUmwtalQ3d1ZYOXBJRVVlM2hMZTEtbXpnbXNiSEYxZW4xYjZkZUs0eGEwOHI1cWZFdG5pTkdfR29sYjkzOThOV2FXZFZVV2cwZ3dnaWlmeldMbmt3?oc=5,Beinsure
Novella,https://insurtechdaily.io/company/novella/,21,21,USD,,,2026-05-14,calcalistech.com,https://news.google.com/rss/articles/CBMiaEFVX3lxTE1XUkpNQm9OZXp0dHduRVhPMkstSi01YlBzbElZVndkWFdhUXZuNy1FSXpGY1FrMnE4dGw2Mm5STF81bUZFMnNqQUl2bUJ1VlBNWm5qeTVTbmE2ZXdLQUc0MldLSzU5VWpz?oc=5,
Corgi,https://insurtechdaily.io/company/corgi/,160,160,USD,Series B,,2026-05-07,Pulse 2.0,https://news.google.com/rss/articles/CBMilwFBVV95cUxNOWdpVjJicFk4ZTJzei10bUFzODFsWF82SWlienVzOXdUSnN6aUtMbmxydkVPM25pN05mNUZiOWdfZU14ejFtOVdMb0toUlFGa0JBbXBrUUg0bEVYQ0hNZl9CMjFfU0IwU0RBX1E5aUJFbGRHRHZGeDdxc2x3SFllVG1QSWtZWjZ5bFFYb3NiMUY1cXpMRS1n0gGcAUFVX3lxTE9nN2RUXzNYeEJDLXFSUy15UU0zTXMyQnJENFRYX1o1N1FRbnMyLUhJNmIzNUJwdGdXRWppREw0RUQ1N1EtU1ZER3VTWExycGhWWDhzd1l2bzN3Yi1fN2tLUnJtZlhkLTlVdENld2dNemVwQURqZmpzNXdkcklENGFqUkVLdzA2MUhDazNjR2x4dkplYzJoYjlmU1ZBZA?oc=5,Program Business; Tech Funding News; Beinsure; jawlah.co
Reserv,https://insurtechdaily.io/company/reserv/,125,125,USD,Series C,,2026-05-07,Beinsure,https://news.google.com/rss/articles/CBMiZ0FVX3lxTFBtMFdTdFJQcURma2F0dUl4LWhMMUdicERWOWtNajV0Mi1fYk1HSUJ1UXJjNFZTMFktdDhBT2tDUklzZW1ubXpDUHlGODhkX2Nqd2syd2dsLXZMd1RwbEdQN2k3cDVyRUE?oc=5,
Wopta,https://insurtechdaily.io/company/wopta/,5.4,5,EUR,,,2026-05-06,Insurance Nerds,https://news.google.com/rss/articles/CBMijgFBVV95cUxNQlk4LTRIZTI3YldvNzlVaks0cWxhRFdiS1R0UG5KU1N6WmpIelFPaHNYOWpwTU5XTFJSbm0xMGMxUkxXN3poSHVlbWdjN1o3eUJtcUZKREkybFVJOUZ1dUhkX1dKdzNWZ2t3Um5uSjJ2eG1DbmstU0hMZUp4QmNveFVpeGhBQXpGSlY2ZHZB0gGeAUFVX3lxTE9vSGlYVmhDSzNyaU90VHlJVGtpaURPN0MtQWJURFN0eU9FWWE3WU80ZnN1UzNzeW5uejZrRGVRRTd2QkRHWmdJTmdabjF1TWg3ZUJfR2pnUFNEaENuWGhRVm5JaW9UUkJSblZSY2Z4RDJmUlhkRlhWMFNxUlN3MUY0Vk93YjRiT1h6QkQ3aUR0cVR2VkJjcVFPQzRpNUNB?oc=5,FinTech Global
Counterpart,https://insurtechdaily.io/company/counterpart/,50,50,USD,Series C,,2026-04-29,FinTech Global,https://news.google.com/rss/articles/CBMinwFBVV95cUxOTlRCZmxGRm9LbENxNW9FRGlqRDk3MEh6QlhiLVNDX2p4MHVCR0Zfa2dFQlN4Skp5bEs1djVzZXBuSGV5bHpfUk4wS3pTR3YyYU1IYndReFFDN2tXSzYtRzJJcUZTeFdnTnVhU0Z6RGQyWWlhZUljTjMzNGQ3TU01ZVFHSXlmWUFQcVktMzU2aWxINWpENFhQeDN6OHRRT2s?oc=5,Ventureburn
Segura,https://insurtechdaily.io/company/segura/,8,8,USD,,a16z,2026-04-27,Tech Funding News,https://news.google.com/rss/articles/CBMiuAFBVV95cUxNN1IyM3ZGQURqaVZheXF1bDhqaGtCWEVxR3VEd2VkWER3eGVHNnRYcU5MOEhDYzlDajJxSEZaVjZrOTROakV1SmpvNTlKTC1TdGZ6SmJNSmk4YnRXaVlHSGpIS05yUUx4ODZZZkx0VVJwbVVXUGRtUnYzUjBydjlvcFRtanRKZ0MwYWlpbFBtal8wRXBnMzcxYldrSUdvYm9LV3JRUjg5V1dQWlgxbGsxUWtGTEZCWFhx?oc=5,
Embroker,https://insurtechdaily.io/company/embroker/,28,28,USD,Series B,,2026-04-17,FinTech Global,https://news.google.com/rss/articles/CBMinwFBVV95cUxOWS00dzQ5Yk5pYm1fbl9kbGNLa0JvYmd0UzhwNTg3SGtOSE9SOU44VGtCcnNOOEUxaWFaalNVdzAxdzJ1YTduZG9mbW5ma3EwOUFrczY3ay1vNVgtUmlNLUFkcUhvQzVidEJwY3dORlNZSmhxSk9Iek1ELWQ0bE1US1hIV09yaHFkYzgzbHo2THd5bHctbFVBN0ZMRkNzNm8?oc=5,
Insurteam,https://insurtechdaily.io/company/insurteam/,1.3,1.3,USD,,,2026-04-13,FinTech Global,https://news.google.com/rss/articles/CBMijAFBVV95cUxNUHJqNUpqX2k1aWRzdUFLUm01S3VGWmhyb3FVQTBJREd3Yl84a0lyWkpqdk0xR0h3dnZVMURwY3Ridi1scXZIcGtqdXdWYXFPWExFS3hCWUt0QV82Ny1FQzRGWFVaendRVUY2OEtyQnNVUHFReENwejBQSHB6UmdROGhIdkExY2x0ZTBwdQ?oc=5,Greater Geneva Bern area (GGBa)
Energetic Insurance,https://insurtechdaily.io/company/energetic-insurance/,2.5,2.5,USD,Seed,,2026-04-09,FinTech Global,https://news.google.com/rss/articles/CBMiwAFBVV95cUxQZkoxcmpJbHpJejdxVTZQVEZPeHd4bkNWV0RDUHhRck56aEJZTXVEYzBPemkyOUVqV2VPaFJfaUhqVVJpVVkzWWpDRW5tV0VWbnQ4eHFZQzdpRzQzcmVFR083NXVSaWtpLTVyNjFtSVRnSU00RmJtZzduUFFBNjQ1ZWVMWFRYMlkzVm9CeWtvREJRRTZVS3UwVmRYb1JJeTkzU3hoSVdXMlBFUW9Ec09HY2lSQjh2TklUeUIzV1liekc?oc=5,
Yuzu Health,https://insurtechdaily.io/company/yuzu-health/,35,35,USD,Series A,,2026-04-07,Yahoo Finance,https://news.google.com/rss/articles/CBMiqgFBVV95cUxOX3FRRUZicTBENndrM2ZMOWQ0SWk2ZzBMYmRONUluWjR2WXlhSDdHcjJwLTlSMnU4TmlSTVBaYnV5MTZCRWRBWEhwbENZYjhXYVItTEpWaFZtUFBDY3pTNGhrN1lOMWoySnBRNzdpNjg1M3dHejVzTnBVX1hDWUVIRzlkQnBHczFCV21BNFp1bEFVSWlNenh6RkwyalZ6SnRwY1lLVldhU2hKUQ?oc=5,
Flora Fertility,https://insurtechdaily.io/company/flora-fertility/,5,5,USD,,,2026-04-07,Athletech News,https://news.google.com/rss/articles/CBMimgFBVV95cUxQdHBCb2duOW1LZkFiTHh2NzUtQklGVEplaDVpc3dNV3BJYU5XNU9IcUhFQnFOMVJkNURGZDAxZjZsdVhKRTlUMDZuRkk0ODR5aWFhd3ltZEZuaENHN1NvSFBQXzRzdFpPc2E1UXlzenVyeVFsallOVWhaQUdaSG1pV1FWRV9aRnFpaEJlNVpseHo3elBFc0hKbXFR?oc=5,
Rosella,https://insurtechdaily.io/company/rosella/,3.7,3.7,USD,Pre-seed,"Peak XV Partners, Intact Private Capital",2026-04-02,FintechNews CH,https://news.google.com/rss/articles/CBMijAFBVV95cUxNdWlKZEIwTElpR0xkeTdRdzdjcXNjNmxzSWFFcnJxZnB2ck92aFpoZ1J5Vk9nM1RLdUlwZHI0dEY3WVFuQzNCUDNzX0swRmxjRnBwRnJjdUFjRzVzQ3lWQmFHRFRoeDd1UWx2eERhV2VveWhZeW9SN3owTWhDbnl3bUIzZkNRTnhiVGxWSA?oc=5,TNGlobal; Startup Daily
PolicyStreet,https://insurtechdaily.io/company/policystreet/,21,21,USD,Series C,Cool Japan Fund,2026-04-01,FinTech Global,https://news.google.com/rss/articles/CBMilwFBVV95cUxNY0hnUGpFcG9HYzhBd0ZXM2h3ZUc1S3NoRDdqVlZPeEFPcWI2TkRyMWJLRS1wUDk5U2dIQXVIR1d6ODltN3hVZnpLYmtsTFBVVUVDTExEWTMwLTJFSFBvcXY5NkhjYTBvdkJWb0g0NjMxaFlEcURfTG8wMVFqVU1hbzhtQUFRY2tScmF6bnFJcWw5bzhDTkhN?oc=5,Asia Asset Management; TNGlobal; Fintech News Malaysia
Cara,https://insurtechdaily.io/company/cara/,8,8,USD,Seed,,2026-04-01,FinTech Global,https://news.google.com/rss/articles/CBMikAFBVV95cUxQYUJxUmRPOFA1ZVN2LXlxc1NrRGNBWWE1NHMwTkhLa1BKQlh6dUhRMHdfU0VJRHlGWDZGNlR5bnVnSjJ6V1FwUFQ4RUhTbkFVdUstQ3FSMDhNU0ZjZUdGYWtMUml5aXQ2VlhXS3JXNjFIU3NmdTY2U0Z4M3laR3g4LUVLd2M3NDJkdmw5dzN6UjU?oc=5,
Qover,https://insurtechdaily.io/company/qover/,12,12,USD,Growth,CIBC Innovation Banking,2026-03-31,Reinsurance News,https://news.google.com/rss/articles/CBMiqAFBVV95cUxNdzBDa09WUV90Y0ZodTdZdUVoQmpvVlBxaTdrdlNuNWV6cnozbjB6aENUWkZIclZsdTAxT056dzRvYXZJdEladklJbkEweDBQRENnWVBIdU55VDY1a3RsUlpZN2J3Q2hDNUtUYWdKdFBETlhoeFFNRm9uSnFxbDc1UmpkM2hoWWZHS2gwNUM1T2VjblBsVC1NbUFudTA4Mll3VWk3a0hVaFY?oc=5,Pulse 2.0; The Globe and Mail; Finovate; Tech.eu
Plum,https://insurtechdaily.io/company/plum/,20,20,USD,Series B,Peak XV Partners,2026-03-26,Life Insurance International,https://news.google.com/rss/articles/CBMihwFBVV95cUxPTHctQ2ZrcTd2OUFLUEllRFZQUlJMZnFfeDRkWnpRV0VFYjNZSk5YdDVEMmVHMWQtT2pkMjY3akxBR0dGTDJHM0lYSHdzY0pSWjZVVFFQdmlpT1JFdnpYMnhIMkVJYkVEem9PWnZ2VURKR3UwdXd2SnVxaktFTkRyclJ4ZDZhTDA?oc=5,Inc42; BusinessLine; Moneycontrol.com; Indian Startup News; YourStory.com; BW Disrupt; The Economic Times; livemint.com
Shepherd,https://insurtechdaily.io/company/shepherd/,42,42,USD,Series B,,2026-03-24,PR Newswire,https://news.google.com/rss/articles/CBMi0wFBVV95cUxPcDlkU1Jfc0RNRDlzRW1XeHk1a1ZLeW91X2JJWHJvOXhYV0lCQUhQWW1MMkRvX2FZVmRLLWI1czVMV2ZlRDRVQUpfZjhfMmlOeVd0SDhNN0tfQk5LY1lzdFFyNE5ud1JGWXJZWGF0RnFHZjY1djB5V1dQWEQ2NmVRbDVVWlNwM01keTRqWWJIcFJha1I3Y1ExTWJ6dXh6bGp1RENWaDA0MTFFdEpoSldxdURUNEZWZGpNWG1ZWFdxYUhGZHZfdjBBU2c2d21rVU5VQzdn?oc=5,Yahoo Finance; Reinsurance News
Alan,https://insurtechdaily.io/company/alan/,116,116,USD,,,2026-03-20,Beinsure,https://news.google.com/rss/articles/CBMif0FVX3lxTFAwV1VHdGIyTkhuMm9XTWVGcVp2T3BOcXd1bHJUZFI1aGdMd2dEZGt2X21WVUx2MTBUZHgxVW5FcENrSzN3ZERpZDcwLVkxV1VXQXNXdF92TU1UcFZDbjRXaHNRQkRHUGp3OTV5cjdkMDFFTnFraVZmY1ZkaFh4TkE?oc=5,
Azos,https://insurtechdaily.io/company/azos/,25,25,USD,Series C,,2026-03-18,FinTech Global,https://news.google.com/rss/articles/CBMihwFBVV95cUxOOE1iM2pvUXpRQjF0M182bmhUeXREV1RRdHo0SG01ekFVWUZTWHNoTmRfMGd4Qmh5Z2Q2b2ctUnRESnkyZm96M0ZscTU0ak1IQnhJdTRWMWRUdDhSQjg4OGduU3FKQ1ZZaDh0TndNMV9DVHZnQTVTQ3RneUN1NklpakREOEpLc2s?oc=5,
Gangkhar,https://insurtechdaily.io/company/gangkhar/,4.25,4.25,USD,,,2026-03-14,Pulse 2.0,https://news.google.com/rss/articles/CBMiqAFBVV95cUxQQUNienFuWEd4ODRXc1NRS3lEUDBySUJJdndhZXZaYkU3b1FuUWt2aUZLelE5bDM4MzVDWDNJenNnaFBycENUU3p5MEdvNkl6aFVfeFBTNVNWX3ktYmxUTlNvRzZ5cS0tX1FtVHY0a3Vidy1sN3dZZmw0MzBGSlRld0VCMWpkWmw3T3NMc3ZIWDR0Y2VzbVN0VUpfbXNwenpCd2lfR0tkVGPSAa4BQVVfeXFMUG05MUhsVmlQdmhNOGJnYmIwdlZVZW1XdkFWQWJDM1BUV1FlNW9yN3pMNjc2M3JiOUVKUW9fbzAyLXFzVkF2eWNCRjNFWlk1OXB5dFNjT2x0Z0xNNWNaaGlVa3p6R0lEWVVzaWdQQjA5MTRHaEpQTDQzMjNnX3JOTHVqd2pfcGhfMk9KN184OTVpUXNYczNYMS01S2QtNkRHbjU0Z2Jadks0ZGNreE1B?oc=5,
Loxa,https://insurtechdaily.io/company/loxa/,3.429,2.7,GBP,Seed,,2026-03-13,FinTech Global,https://news.google.com/rss/articles/CBMimAFBVV95cUxNcmJUdEdMSXlqU3JSVmMzbldDQlpTaF9tcEo0MDZlZWlseTlrMWhtV0lyQnZHNEVKZXRhVEpQMUl3aDRBYVhRWE9jS1h3RUx5VUcydDBxS1I0UFVFOERDQ1JwQ3lBcmdWRzRTNWpWenRseDNLN3FuSE1uNUNLUWVZNTRIUWJFMUx6RWNiOF8wX2RlRi1Da2VYSA?oc=5,
Pie Insurance,https://insurtechdaily.io/company/pie-insurance/,7.5,7.5,USD,,,2026-02-26,The Business Journals,https://news.google.com/rss/articles/CBMikAFBVV95cUxNeE1BNmtXaXZ5SmlPM01hSnlweWtNampydkVWb2ZPckJzWXMxRW90eU1kSEdIUUYxM005SGo5T1ZNQzdWRTl6bG9fVGdQSG9BYjdrWUFxMHA2Y01uSVJUOHV1ZDdHRlhoTEFVcm5pSzFRWTNIMWlHa3dmMS0zbGMyYWhZTnBNdkVwcXloTmE4WWw?oc=5,
Handl Health,https://insurtechdaily.io/company/handl-health/,14,14,USD,,,2026-02-26,citybiz,https://news.google.com/rss/articles/CBMiuwFBVV95cUxNZGlLUDIyNmMxd3ZiUDBleDVoUVZsZjNsMWotUWdRaXZhRzVfSTNKRVN0QVZFYXBDT1gzWlpqR0c5dnRKTVdaYVdHb3FST3JtRVZTYjNkSXZrdUxnaEh6bk9yWlV0TjYzYnRtXy1wS2s1dkZnSE43bHI4Qm1kT054TnpkbkpmNlFiNjVFQkdic20wb2N1Qlh1MlpOUDBIVlU4RFZKUzJZSTRlZE92WEl3aU9teWtZSDNGeDdZ?oc=5,
Harper,https://insurtechdaily.io/company/harper/,47,47,USD,,,2026-02-25,TechCrunch,https://news.google.com/rss/articles/CBMimAFBVV95cUxOTTRWWXdKUXVFejYxZi1PWEVMa0Y5ZmhueG52Y09iVnNBdzVxQlZsZHJ6Y05vNXlWWmE1elRyM1p6aVMxWV92a1ExTFVmZkl5eXl5N2Z4UjFlUGxKNnBqYTBxa2g3QVplanktbGZUaG9sSUlKYnRNdE9YTUstcC1NOGRTWTNWZFR2N256OWx1MkVxV2ZWMUxOUA?oc=5,FinTech Global; The Tech Buzz
General Magic,https://insurtechdaily.io/company/general-magic/,7.2,7.2,USD,Seed,,2026-02-25,FinTech Global,https://news.google.com/rss/articles/CBMijAFBVV95cUxOTFowYXNCVUNlQlZ0MzFFck9RRE1TTDRUSU9tOW41NWhfSWxzbVp1QWVXZjRKaXIxVWU4UDdtNUU5WUtfdElQU3h4dkxpb1VLMzR0Mk1BX3U4NGozd016R3U1dDZpZUl1TDlremVXVVhWZXM2eHdvXzREdGFSU01zclM5d3R6X20yUE5ITA?oc=5,StartupHub.ai
AutoConnexa,https://insurtechdaily.io/company/autoconnexa/,4.752,4.4,EUR,,,2026-02-24,Startupbusiness.it,https://news.google.com/rss/articles/CBMinwFBVV95cUxQU2N4QVdsakthZmFqZXFJNUtRMVJweEJCR0ZIRDJxQzNFcm11YndXaDNFSTNBejlwZjY2RHRscElHejA4b21lcXV4aWJrRXVzc3ZCQkxCWkNxb3dyc1liQVlIU2xTWHp4YmV3bndMVV9EelJMRDg4b0pwR0Fza2pza0pFblJPM3NmSWJWRzQ2bHJDM2p5aE92TmM2eXhHZ00?oc=5,
Qumis,https://insurtechdaily.io/company/qumis/,4.3,4.3,USD,Seed,,2026-02-20,Insurance Journal,https://news.google.com/rss/articles/CBMidkFVX3lxTFBxT3JtVTl1Q05IRDd3S19EZndsWTF2RG5DaTNsUGlDaFBsTW41eVJNN19UdFY3Si1vckVlNXEyQTZrNHFEQlJoZVdfTk5COVF3MFVxTm5mcXUxX281a0Q2NXJkampYeVRNdEsyYVVCblBMT2VHMEE?oc=5,FinTech Global; The Business Journals
mea,https://insurtechdaily.io/company/mea/,50,50,USD,Growth,SEP,2026-02-17,FinTech Global,https://news.google.com/rss/articles/CBMilwFBVV95cUxPR1VsdDVxUGhBeHdNWlIyVXBmQXBoVm5QQ2pDZTlEWkNEei11UTIyV3pxUFJpa3J2bTRlUER2WGY5VzBobEtKMTNpX2xHeDVHMTZqVzg1MkxvZXZkbDVPWVNmQVFvWG9TSi1LVC1zUjBSblFDS0tUYWtBOFA1UXZzYXJtdVNxWUlldDJ3YVNaeGpzaF94YVhB?oc=5,theinsurer.com; Business Wire; Pulse 2.0; Reinsurance News; Silicon Republic
ScyAI,https://insurtechdaily.io/company/scyai/,2.16,2,EUR,,,2026-02-13,EU-Startups,https://news.google.com/rss/articles/CBMi2wFBVV95cUxPT2JXQl9YcnNIYkxac0lfQ003X2RCeTY2amM2OTg1S2NjWkJteFBYMlFVY2xjZm15eDZaenQ0RE5yYV9zX1M3aTlNWGlfTVFzcXhOV2JrVnNuUl9BWDhHLTJCNE9EUHUwbVhfc1E5eGNPbEhSRWdBbFdWQkZxQWRFZ3NuRnNfVGYzOVdsclNEQU9hRFNZOHcyUnpCLTlpckYtRXNnMzJxSjNwVzZCRFBOOXlzbHVibFBrRkloSC1YemZjekxBNXh5aXZUNDhiTXBvRE9NRVM1YWxhMFE?oc=5,
,,45,45,USD,,,2026-02-12,The Business Journals,https://news.google.com/rss/articles/CBMipgFBVV95cUxNczQ2cHlaWHprcmhjY2ZZZW5HbmwtMXlDZzhfNWxRMjRwS09IZmR6U3Z5WHF6RnZDbVdBc1c4Mm1CQkpfZ1pBMDFXbHpfQ25JekhHeWNEalBuZFRPSVI5c3NqSWdJQVJ1LWhlYjVfLU13RkNaT0VndVlzR0hnUnVrR0h3Qm1Fc0VDeEhaZG1Ba2hvZGlZN1NDWXVjVG5vNEQtU2d0QTVn?oc=5,
Lassie,https://insurtechdaily.io/company/lassie/,75,75,USD,Series C,,2026-02-11,Sifted,https://news.google.com/rss/articles/CBMigAFBVV95cUxPd3FqNEVtUUxZRDZmX3RtUWpxb2JBUVdHR1cySTUwY2ItX21saUNZWkJUWEMxUGNMTU42YWVEeUlxZy0xS3pDRjdNM2lEcXFyVUtkZkpqMzdIQXhzRFNUZ3MtT2kzcHdGc3NLbHpBWmR1MTFNU3pVQ3VJZVByZTRLag?oc=5,Silicon Republic; Insurance Nerds; EU-Startups; Tech Funding News
Equal Parts,https://insurtechdaily.io/company/equal-parts/,23,23,USD,Series A,,2026-02-11,FinTech Global,https://news.google.com/rss/articles/CBMilgFBVV95cUxOeFlQUEhMOVhyMDE1RHdfc2FCdUw2Q0VvSTVkajA5cGR1Z1ViaUQwczdqMFNBTDhheDN5aDdGSndiemZJWnZhTDJ2MWhsUHhzaDRwcjJIMldZbjlrRzBzS054c3BxUlNSSE1laVdxdHc2N3dIeThEMlM0ME01N25PTUVnd0hBY2paTWhackJPVUE2V0NkalE?oc=5,Business Wire
Advance,https://insurtechdaily.io/company/advance/,8.55,8.55,USD,,,2026-02-06,FinTech Global,https://news.google.com/rss/articles/CBMijgFBVV95cUxOY0lHclFmZXdNODh4ZkJpMlF0aVpfOXB4NjlrN2hIbGxKTFFIWFpULThzREdPX3BmeTRpRHhmcU5JVlgwM3VObkZWcXRrejRBY0pReTNrdmo1QnkxUWNaNS1kZ3c2dnNGZ2ROMUVNZl9keGRYaWd4RzhoZS1KMmVkV3AyUFIzdVNmTlUtaUNR?oc=5,
Pasito,https://insurtechdaily.io/company/pasito/,21,21,USD,,,2026-02-04,FinTech Global,https://news.google.com/rss/articles/CBMimgFBVV95cUxQWE5LXzhHcjZXQ19vZTlCeUdiUkVXcEVzUFpwYzJJNkJQc0FKM2xjbENla1d5RFgtbkM2SWVyVEF0VXN6NHhrdFdSc0txQ1dFaUFteW9aWWlRU0dPMVFtcVJrQnExSllzVkdPdU5aLXI2ZG9JRjJMZlpnOTUxU0Z6LWVhc1ZSa1NQSUFsT0JHbWJUZXg5TlJsS1VB?oc=5,
Lateral,https://insurtechdaily.io/company/lateral/,3.175,2.5,GBP,,Augmentum,2026-02-03,Tech Funding News,https://news.google.com/rss/articles/CBMilgFBVV95cUxQN0FrSk1uSjVFYUtsV1A2NVVjY1BheGdkdUJvTU5kTTZSbVQxWE9MY0dsdFVHVWpKQWtNcHJDNGFXSHZFSnNmMFdwd0c5TGZBN1RFQldvM2FodTVLZURXVFhBRl9rdGw3RENFWkJuWDBxRjlXNXo1czBLN3dmYi10OUxYc3h5ZVVuajltQ0tJRmlERVd6OFE?oc=5,
Butter Insurance,https://insurtechdaily.io/company/butter-insurance/,1.3,1.3,USD,Pre-seed,,2026-02-02,Beinsure,https://news.google.com/rss/articles/CBMid0FVX3lxTE9NRnNoUk1MNG95TENlVkVWMFJYaEw1M3cxeUhhSHVuejk4elV0RThodThtWU1vWDlrbmJFYnpEUXJ4c0VObE5JMC04WFNHR0YtNXlKb2p0U2xiVTJhTUIwbUdLZjFrZ2FiTlRQWE03Z25Od0ZCS2Fr?oc=5,
Olé Life,https://insurtechdaily.io/company/ol-life/,13,13,USD,Series B,,2026-02-02,Beinsure,https://news.google.com/rss/articles/CBMiaEFVX3lxTE1zaG9XNmlaZjNnWHByTC16SndRdnpjdnQ2UlpVbC0xb0tYRkNqTnhQLUI3cUJHRnp6VHFiYktDNXd1VTZaNmVjY0ZrSHphVFBPTzRvanlybmtDS0ltRHMxRzJBOVg4ejB0?oc=5,
Anzen,https://insurtechdaily.io/company/anzen/,16,16,USD,Series A,,2026-01-30,theinsurer.com,https://news.google.com/rss/articles/CBMi0wFBVV95cUxNaVZ2S21reHVYemk4NGQyNnYtazJZMTZNTGZscVF1TWlhMHkwSVhxT1J3UE5scjRCbThCVzlndU5ZWDhQc095VnNKdVlobFMxOURCcGgxNEJraDFNd19wSngyYk11NHl6b0RWbTZzazZ2YTVoZHZSQ05saWZ2anA4Ny1wbmhxREdLNWpKb2FBT2xCanhRY0diQnVkbnZfN29qRmFEU1c0ekh6a3k3WGpfSnFGS1M1QzUydDNVVUhOdWlJOUZ1QzVyOXRBU3BOM0ZsOXlJ?oc=5,
Sixfold,https://insurtechdaily.io/company/sixfold/,30,30,USD,,,2026-01-30,FinTech Global,https://news.google.com/rss/articles/CBMinAFBVV95cUxObTF2M2lyZUozZHhoM3A3ci1hSDBxREx3a1VZTUFpcUNJcmY5S2FWcGlKbUt6S2JpMjR6MmRCQk44NWt5UnFpNDZSUVh1Uk1vZGxadjdrV2Q4MHNCMmVyRHRmcjB5WVp6TXl3ODcwYTNpN1JqOS14RG9qNFAya2N0Q0FVc3gwc3hiX2pwc2c5dmR5eU9CV2wzT2JjWEs?oc=5,
Indigo,https://insurtechdaily.io/company/indigo/,50,50,USD,Series B,,2026-01-29,Business Wire,https://news.google.com/rss/articles/CBMi1AFBVV95cUxQQVBET1EyU1h4dTJ6Q19oUzNsUWY0WUJPSlBROUt5ZlhaMG5fOVFjRnloUWZWTW50ZmRmbWoybUdGTWVfZ0pLalNIekdMOWwwVVRlTFN6RHVsQ0pEWmc4TGYzcnZ3UVByRkUtVUEwSi1xdEIwV0ZWam92X2hnTTZ2Nll6bUkxMElUTlAwRk9pcFViVVpJa3M0QUhNRTdvajNoUmFpNmo2cU8zNUdrMDNZdTZsVzFGWTVkc1lkSmRsX3hnWGxxVUZYQTdhYjdvYTV3dFZUTQ?oc=5,FinTech Global
Mantas,https://insurtechdaily.io/company/mantas/,1.77,1.77,USD,Seed,,2026-01-28,TechAfrica News,https://news.google.com/rss/articles/CBMiuAFBVV95cUxNbTRrem9PZy05aTdINmZPVGJMOFY0ODIxeGotLU5FUnV0M3c1cDBuMGN0VkQ3Z0o3d2Q3YU5fTlh5UmNoYW8tYXowRUhxcmtDWGppNnNQQzZIUGszT29WWVJ6c01wWUdlLWk5NzdiSEo5VFhjOWp3dkNoVVZydE9pVy14YlRDOU9FM09ubXpKMnZoRl9kMnZQdmpYZHFXMW1BSUhoOFJ6Z1g0NFgwN0FHTDNWXzk5OUI0?oc=5,waya.media
Fulcrum,https://insurtechdaily.io/company/fulcrum/,25,25,USD,,CRV,2026-01-27,Insurance Business,https://news.google.com/rss/articles/CBMi3gFBVV95cUxQdE1GRWN0eXhXdFN5RG1tOVRCa25KekowUVJXd2N0bnhmd3c4c3JHeDJCTVUwYi1zb2k1ZmtXN01wZlkxbC1PZEdlRVJJeWZObkxXTXR6YUlPbHdDcksySUpaR3cwd1M2OUZxTGNGd09ydHpLdzU1VG5LZnQxNHNHZmJRWGh2MGR2MkpYU0pBck9wcFNPY2ZDeTAwSjF5WU5Bb1hNV0Ewa2hnMzJINVFad1FaeEFWOXpDVFVSbGRuakJULS1YMUtCVmJIVFV0SXBuT0pGcUE3VzJZczFDWWc?oc=5,Beinsure; livemint.com; Pulse 2.0; Business Wire
Pace,https://insurtechdaily.io/company/pace/,10,10,USD,,Sequoia,2026-01-27,Fortune,https://news.google.com/rss/articles/CBMirwFBVV95cUxQQTRpVGhBbjJyTENIYTdQbTdtbEstLVlMblFaV2ZEUnpzY0x4RUd6aFEzeTlPR0lrVVhvdXRxX0lmdXNienVBMk9kYjRoOWpGbUVRNzVwS3FyaEJ4OV85VXNTQlNDM204dmpNNGFFQVA4SUF2WkxlOTRWVGVNNVFYcktJSUVaSEJ1WHBrblpmbXVibjFSWm5YTjZtRW9QcEI4Y3JiYVlOc1ptbldCeTNJ?oc=5,FinTech Global
Igloo,https://insurtechdaily.io/company/igloo/,5,5,USD,,,2026-01-26,FinTech Global,https://news.google.com/rss/articles/CBMigwFBVV95cUxQNmNYNmZCNENLRjlNdlhldzlhUGRFTzdNT2gzRjl6ZHNXWlNRTi1PbngzUTBpdVlCUXloUzdCdXUxamY5cEFSSU5EN0RwSkhCYm5QTXgwN0d6RUdObWFGY09TRkZ3d0U5ME5VcE5sRTFEbE5ySUFnZlQzSkstQktNU0VFbw?oc=5,
Armilla AI,https://insurtechdaily.io/company/armilla-ai/,25,25,USD,,,2026-01-23,FinTech Global,https://news.google.com/rss/articles/CBMikgFBVV95cUxPYlF2Z0lWLWt6QTVqOGtaRU1NQXVyQmFYY0dMQkpMbXFpY0E2UFZfdzNmeG9XRzF1QktXeXJXay1pWHFMUU53XzFvR1RMdlJaVlBXTFZSbXM0dktMNmJPUGRrVzYzd0xPd05JWmlhUnVoOE1KNVlUb0xHVnh4Y3JQeFJqNjhkVVNiVE84TWRtLVNoQQ?oc=5,
InsuranceDekho,https://insurtechdaily.io/company/insurancedekho/,4.62,385,INR,,,2026-01-19,MediaNama,https://news.google.com/rss/articles/CBMitAFBVV95cUxNakNYNmR4cWVUTkRZZEI4YldqaTdpdXhVSjJTME5IdWE5eDZ5YjdDTm96eWxvRWNJNFUxdTdGcUktYVVxNkx5b0dsU3pZQUVvcjNrVXR2dVo3b2Y5dEUxU0dJU19uUzh1YlZMclhYUGRBSE0wYTlGdnNfZ2ttemhnQTRlYjAxTTRtU1VvRzE1bDMzOVZRRmo2ekVXdjBxZW5OQVNJcWY0cXg0YjNMWTk2dGxxN3Y?oc=5,
WithCoverage,https://insurtechdaily.io/company/withcoverage/,42,42,USD,Series B,,2026-01-13,Insurance Nerds,https://news.google.com/rss/articles/CBMiqgFBVV95cUxPbFg0UWFnUFI1QnFmdGFMd2VYTmlYRk5aTk1VTDZpeFpYbkt5UTBTd0djQkoxbE9iTjNtbjQ1NHdMR3A4UnFLb1g3NHZPcnJRZlI2T0JqQm1vdTdTb09qT29MbTBJUktOWnFvdjdTR1B2TmF1TXlNX1hDRHhDY1NyVDk5WVJVTFZOYWx2WFpMRTBoUjE2Y042R3FkOE02cllNRXZjNHhMcVhLQdIBugFBVV95cUxQaVBXWVZac3VDTzlUQ1dDb3dqU29TSVZjYWVNYjNHUkJyZWpTcXZJUnpHV0t2UFMtdlRSQlFNVUJXbDNLbVJRNkVianNIbmNtajA4NnRodkpGOXE1dFNNaWJ1R1I4aEc0SFZ1Wm9kdmt0NTJOUDJpeHd1eE1hTnFGMGF3aEZiSk1OYzNfS2ZZRHd0Zk9OM3hhSGdWcnBjNkFVR25ZXy1JWGFPYlZRYnBBdHViSDhoLUxaV1E?oc=5,
Corgi,https://insurtechdaily.io/company/corgi/,108,108,USD,,,2026-01-08,Axios,https://news.google.com/rss/articles/CBMiqgFBVV95cUxNNHl5X1VtcU0tTWZ6V0VkT1Fqbk5haUN2ZURtalc4RUExMjFWcDIySWd1VWloTVBhUzhrTWU5Q0RTejRLNUk4cDE0UWljeVNEbHdBYndRWnFsdmtvSm1tZTFjRHhxSG8wVVpOYmk1V1ZwNmd5T1RuRkZpMjdsZW1vdXYwWC0wUy1aaG5BWVJNSVJzVFVDQ0psT3Z6SGltMEQ1RmJ5SmhadE1ydw?oc=5,FinTech Global; Reinsurance News; Yahoo Finance
Naked,https://insurtechdaily.io/company/naked/,38,38,USD,Series B,,2025-12-25,Tech In Africa,https://news.google.com/rss/articles/CBMijAFBVV95cUxPQktWSWtCTWNxYnM1LXlXZF9Wbk55ZGhjTDRWU3ROQ1Q2R3ppUHBvY0xIaVg1a1ZUU3JLQ1VROEZlUWR0dThpNUxsQjlINjZtWnFDRmZ0OGNSWGNUdVVVbmJVblg4MmdYTXk4ODh6bTBudXg0cXMzc3J2cUh3S0xOZnEtcEx3dmN4eUtVNA?oc=5,
Nirvana,https://insurtechdaily.io/company/nirvana/,100,100,USD,Series D,,2025-12-18,Crunchbase News,https://news.google.com/rss/articles/CBMiiwFBVV95cUxOMnpTS1Y4SDJoQ0ZDRXRaSmxvYkkzWi1POWRIOUhUdzVPTDRRdmNvR3lJeXlwSWdlZEk1bmc3M01nWVBJQ0tjSEwtQVNQZnZvTkRPTlVGbklzdEx6S2thaDJ6ZWdqaUMtN1gzVzhFS0hZVTY5VzdSSEwzM3FOMGlkS1lTLVBFOVhVNlFn?oc=5,Beinsure; FreightWaves
Maximum Information,https://insurtechdaily.io/company/maximum-information/,2.921,2.3,GBP,Seed,Insurtech Gateway,2025-12-17,Reinsurance News,https://news.google.com/rss/articles/CBMiogFBVV95cUxNbzlpVFNPa3BZbkJOMGRhVHY0TlFEdy1HVFZncFoyZDd6UXhKVkprb0x1UGppYl91bGtuSWEwcnVud3hmTzhib2xPaGxoTUVyT0kydG1RUEtPNTl6MERVRy1iUGZseUgxVno3YnhnRHFlaWJ4cjRRUmNBeGViYi1TZERQZTF3TV8wdktvMU5vUkxodFMzR2RJVHhUbkZCbW16X3c?oc=5,
Parametrix,https://insurtechdaily.io/company/parametrix/,27,27,USD,Series B,,2025-12-09,Reinsurance News,https://news.google.com/rss/articles/CBMirwFBVV95cUxOTEd6aWZVblVlOVpqTUdsTFRRNjZRbTROQWdsdWJMMHJPdFU4YjNFNEd1cVFreHdha1EyMGlwUkZIVmJtcXR4Z0RvMXBqcjdsM2xGaUNsUFl0dDJoT0dhTW5iUm5IYXN1d29UdTViYkxUa2JURlk3VC1QZW1PQUgzanFfQXQ4NElnUzh0d1VHWVlxVFp2bUl2WmJIY0xhdjZvZzNkYUdTNU5DMG9zZnNB?oc=5,calcalistech.com
Angle Health,https://insurtechdaily.io/company/angle-health/,134,134,USD,,,2025-12-08,MedCity News,https://news.google.com/rss/articles/CBMiY0FVX3lxTFBReEpJcl9kbU1lQmF3aWlBeDNvMFZIS0FQVGFNaXdHdTgtOG5UbXBtTHdwSF9QWnU5bDJaeGgtQzhKU2xCWnYxU0twRzRQQXZOdmZINGREWEstSEdMS2RDR0t0WQ?oc=5,
Cuvva,https://insurtechdaily.io/company/cuvva/,19.05,15,GBP,,,2025-12-03,FinTech Global,https://news.google.com/rss/articles/CBMizAFBVV95cUxPakxvVllIeUhVMjRKSDhQMmRLVG5raW0zX05fQ0s5Yl9EbDhsaTF3YW1KZmZrUzItQXp5Vk5hdE1iUkZpT1lUYnNzMUU2NjNBUTFpOHZTRzFsTW4zeDQzWXl0cWJuOHRNLWhyY3RMM1lxMi1QbkZuVlpzU1JSMnYyanBoQTVFLUxPU1R3QXVDTF9XcTNRcER4ckRMb3FlWkJFMXE4T1pCQUZsY0RvY0FLV3hpWFlNZEctUjhNZjhIcTN3dFRfb0VWN1RNOHc?oc=5,
Curative,https://insurtechdaily.io/company/curative/,150,150,USD,Series B,,2025-12-02,Business Wire,https://news.google.com/rss/articles/CBMi5AFBVV95cUxNTktsejg0MXFpXzA2NG4xR2VYandBSHBxNTlfSnVkVE14NVE0c0g2YkxNODNkZXlGMl9HbGF6RmwyaUtUQUdGNHZOcVUyZHpyckppR3ZaV2NKd29NZElRTE9ud252aEhvSWtLZTByaFAxcnlRVlF4dVd2R1NqUG9FX2s0Zk0zLVNuZENEcy1MRXJnY2p0X2FqSUxGU0VaS1ZnQXlFUWI2NVhxOTNzMXNvY3FJQU50TTVNWTlwam1tUEVLWkJMWV9ZRkQ4Zjk3OE9fbVQtV3ozbEsxR0tGdDBlOGg3OWk?oc=5,Fierce Healthcare
AxiTrust,https://insurtechdaily.io/company/axitrust/,2.82,235,INR,Seed,General Catalyst,2025-11-26,Entrackr,https://news.google.com/rss/articles/CBMiugFBVV95cUxPUE96WDdmaE84blhEZy1RcnR0RXVnRnZrang1RDR4UzdnQnowT0hWcWhPQ2NfZjY3WjZUWnBCbHhwYmtBSjI2ODlGVW5ZRkg5UkxfWXJpLTZmUDFWRFYzYjRwSVljb2JoN0NBNkNPR0JJQUY3ZkYwVi1LeHNxZzJROTRyaXgwRVR5Zkx5cUNKSnM0WEtlUDV4T0hZSkJpYnlLS0FQTV90LWhMdmRvd004eVlwaTQ4N2NncEHSAboBQVVfeXFMT1BPelg3ZmhPOG5YRGctUXJ0dEV1Z0Z2a2p4NUQ0eFM3Z0J6ME9IVnFoT0NjX2Y2N1o2VFpwQmx4cGJrQUoyNjg5RlVuWUZIOVJMX1lyaS02ZlAxVkRWM2I0cElZY29iaDdDQTZDT0dCSUFGN2ZGMFYtS3hzcWcyUTk0cml4MEVUeWZMeXFDSkpzNFhLZVA1eE9IWUpCaWJ5S0tBUE1fdC1oTHZkb3dNOHlZcGk0ODdjZ3BB?oc=5,
Roojai,https://insurtechdaily.io/company/roojai/,60,60,USD,Series C,Apis Partners,2025-11-26,Fintech Singapore,https://news.google.com/rss/articles/CBMidkFVX3lxTFBsd3hRX0xfbGZNODA2N1E4MUlWLWtOdlV0UVJlZmF6Y1lnVFdjaklWcEFQM1NFU0FnZzVJb1hTanVXZjZCSGczZVJaQ2J2TTltcG8zRHZabzNmWnIzUTZPVFNTM1hYNkgxQXMwVTdpdTFQUEFFOFE?oc=5,รู้ใจประกันภัย
Pibit.AI,https://insurtechdaily.io/company/pibit-ai/,7,7,USD,,Stellaris Venture Partners,2025-11-21,YourStory.com,https://news.google.com/rss/articles/CBMiqgFBVV95cUxQMUJNandQSjkweGNqYVhlNE91NWI0ZHBWS1hzTm1helFrUms1aWlOS1dDa285TzAxdTVHeGdDMWtRSGs5Vm9DUTV6X2ltM1UyMjREaks3VEVOamRDQlBYSHNWSGJ3TDFqVEVhdFp1TWIxVWstUDUzMmJiLUl1LWx3c0tGYUt3MVlleFZKNF9WR3hibG5lRE1ySDJManBTNDdFMlNvYS10RVM1dw?oc=5,The Economic Times; Indian Startup News; Beinsure
Modern Life,https://insurtechdaily.io/company/modern-life/,20,20,USD,,,2025-11-19,AlleyWatch,https://news.google.com/rss/articles/CBMi5AFBVV95cUxQMEFQM0lScjJ1VndNeUxBVnpVYS1wandsWFR0TEg3V2tmSFFKVkFlZW1RakhNNGh1NFNDam5lRUZBSDRNaXdkSHBuOHFmVDhpT01kZUxnbzVlVzhPZDlSdENsYWRQdmFJbkxIRlpuUHFUZGZPS0doVnJMMG5hODR1eHlVTzNwaHVXbWlFYkdRM0lhSnAxX29VM2hmbjJmWlVDR0NoOUE5VkFibG41SFFDbmlCWEJldlNmajk4SlY3Rk5oazBWbzBTLWFGQ1hmUW5raWsxckxIZW0wOEw1UDhSVGMxaUM?oc=5,
Federato,https://insurtechdaily.io/company/federato/,100,100,USD,,,2025-11-18,FinTech Global,https://news.google.com/rss/articles/CBMimwFBVV95cUxQV0ZZbXhzY2MydS1YckJBMXM2Ym10WmZ5aDFIcUlOd3lUNzdjdnZMY3lDZTV1bDNQMkVlaWZQdUFwcENiVmw2WDBXUUhUcDE0eXBRWkppRUd5N2tJLTBFRk9vcE5zeW44enphTVZwaTRfQzY3QWZzd3JQbjBuSVE4S0ZtQm9DVnNfWG1ndW1WbmhIVE9wM011LWdPWQ?oc=5,
Anzen,https://insurtechdaily.io/company/anzen/,16,16,USD,Series A,Madrona,2025-11-14,theinsurer.com,https://news.google.com/rss/articles/CBMiugFBVV95cUxOSkUwUi16Q0RSaVl0QzFNTjlZd2xfLUc5TjdiSDFBNVRfNHRkVUZ4TnpyaldMeDZQTDFrb2lPNHJnMndGcDBNTm5veGM5cFpwUjJsc2pGZ1hkenMwLTdnMFFjLXVpN3hObzF4VXNGejlZQ0xVOWVNOHNFc0RKdVZuTzNGUkxEQkpMUDA0Sk1GUFpzWHRHak55Q19rMjV0SHdERnduVmMtU3ZrQ3ZxYnpUc2tkaXpqOFJ5Qmc?oc=5,FinTech Global; Yahoo Finance
The Policy Exchange,https://insurtechdaily.io/company/the-policy-exchange/,1.5,1.5,USD,Pre-Series B,,2025-11-07,Business Standard,https://news.google.com/rss/articles/CBMikAJBVV95cUxOakRqcDU4MTg0TjdaenlKbWZNUGJfY3RkQzZGRFlPWF9pQVRXUTB1MjluMkxJQTZqV3hOemVkR2dxaUhXRV9ZTVA5MVMzbU1jUkR6WFQ1bEdOM3hlRWFpdHlXR2d2YXExVzhTbDR2T0g4NkY5RVd0SmIwVXpqdkFMM1ZONFRuWk5IN2w4d0hlOHJnU3NEa1N4cDJaM0RrcmxPS1Qzb2xTdXVhZzB4eHEtSUhlendsNnlIbVFmdHJyQlJtNHdsU3JPZ1VMSmVJcGQ2czhrZEd0bTJ6S2lHNDd0NmRaMUlQX3otYmNfQmpTbUMzSXM1ZHQ4bnJieFNuSXBKMzUteENOODFKRm5rSzdONdIBlgJBVV95cUxPUFhsYnEyZkVJM0tndkdacjhyTGliZGs5cGNDNzBHdGRUNnFhU3l2aWRucVBsNWt0Tk9nQ09Xd0VXODU0NmRfVVB5RDJFVkZpVVdySTA5SERsLU42OGQ1RTdXUnpYdjBHS0JIT1AtQlpKQldUdE1QSlVmZmUwRjNzeDdJbE1EaHRzZzhmOVFFenkzVUhGajRUT2hjM2ZxVFVzZC05SUlfUEpGUDVCNGhNTXRoSmJsSksxVDFZWWlpQUVGWHpnSFExaEJSN1ZLOHF1T0M2SEtucU1sV2VaVUJ3MFJfZHlMMm5jOTBMTU5ESV9pYzdVNGY2OHRBaW1leW8zaUEtcW5zRDh5d3NLUk54MGdvTTM5Zw?oc=5,
Avallon,https://insurtechdaily.io/company/avallon/,4.6,4.6,USD,,,2025-11-06,Business Wire,https://news.google.com/rss/articles/CBMi3AFBVV95cUxPQThxOW9hWkJ1TlhBU3JZd1NNTTU2UFI1NTZqZXEwMktBSEpKZ2M5c3VrSzlqZUUwWENtRTMxODJXZVZaWDFZbFBnNnlCSEt2RnJVU29nTU5nWXZhdFlJRXlRZHhKRnFucEJTTnpVXzFXakhhd1lZZmhpZFEwc29KRHlLRzBaRktVek51MzF4WkNGSFNOZVhqQm5PNUVvQlhXaHlSS1hGTjFCVGpYa1hQRmhLajBsUUVmY1JNSXNWM3NJRlRxYmhPWkNyWVNfZ1RNREthdVlhLWF2VUtK?oc=5,AlleyWatch
Otonomi,https://insurtechdaily.io/company/otonomi/,5,5,USD,Series A,,2025-11-04,Program Business,https://news.google.com/rss/articles/CBMiuwFBVV95cUxOZE9SQzZpQWdXWTRxRGxMSmFGMkZzdEU5ZjFVOGh5cm10ZC01cS11YjZaeER2Wk4yWXY0OHFhNElqQjdPa1AwaWVLN2t6UF9ZXzVEdURYajFVdUxNNVl6d21zZTAyZ0xuWEV1b0JuSHRrT3lPSzNrUnpNSlVIRHNLcU9tcDZ6V05NUGhMNDM3R0IyWnd6a19pNXBsM2hfczFSd3JsZjNISmtZNi1tRzdTNjhNTEM5X1ZCYVcw?oc=5,
Kshema General Insurance,https://insurtechdaily.io/company/kshema-general-insurance/,20,20,USD,,Green Climate Fund,2025-11-03,The Economic Times,https://news.google.com/rss/articles/CBMi4AFBVV95cUxNRmV5T2tqWjRtNkdXY1BqNWZNUFBXckJPT0tQLUY1UnNEUDQ1NDgza0w4UG9DQXpRRHk3UjBUX3RIdzFBWGptQUFVWl9wN3pzY3llaTZSMWViek5CcmtqUzl3ZXhES2Zvckl4dFZ3d2p3YWZVaUtfc19pRHlwWF9JVjRubVlLX0pyc2dKbHp3MjJpUnlFbHhYTU8yQlRRR09ON0NIQ2FFN1FhNDh2dG5FV1NrZjZVY2RMUHBqOUtaNjdBTmQyUW9LWXVSTHloM2xJYWpxOVl3VmRUWUNlbHlUV9IB5gFBVV95cUxQUlJ2ZUdZWGVvMGMwcTdzeXlscU5ZVm9EdkZsLXR2UzR6SWd4X3VwNFYxNk45Z0N0VlBtN001TzUxU0dvdzJOcXk4VVAzWTk3ZTI3MV9xSE9oZzVmcWdUMVZacUdwbVozWl9XdldqNzFycTBCWEVBajJ3NmEtVVhCdmMtQVBoRXlhRk5OeWNDaVlZaTdsdUJwdmlUMmJyMGFaUkNPZFVsY1BUY3RGV25nX0V2SFpIU2tVNmJNdmIyNHBTZzZQWkk1N0lLdzZ2NGZXSEVDUjFfUWF0X04tMklVZWswX2o0dw?oc=5,
SehaTech,https://insurtechdaily.io/company/sehatech/,1.1,1.1,USD,Seed,,2025-10-20,Wamda,https://news.google.com/rss/articles/CBMirwFBVV95cUxPUnNFM3BQYlNyVlNhMVVhajdsTDNDajlVcW1tRTlKRlQ4QTFpQUxEcGNXbEhyNGZxMWF0Y3hnSzFiTkRWN1N6RmFBVGV2a19GM3NqM0lNczBldTY3SzVxVFVqcHU0ZnZkeWtpdXlTQlE2TUlYeGFFZ3B5THA2OC1SNlp4ckNfTGVOQ0ZDOXpFOTFiQTJfZHFBSUFESVFJYzR5a1JNbHBLeGE2S1BSY1Jv?oc=5,
Stand,https://insurtechdaily.io/company/stand/,35,35,USD,Series B,,2025-10-17,FinTech Global,https://news.google.com/rss/articles/CBMilwFBVV95cUxNZjlGUEhwV0s5QW5rYXhyaXVMU3lXcGxZQ2lyQjk5S1lZclJHQy1EVGdldGxyM0J5VWVHZHBJZmxTODdaczhPNFgydHNpNVB3LXM1TzlyTDZJYTYtTHd1dTVQbl9UT2E0U0xSZGZzc0g4dVBWaEh2eGEzNlgwTm5FS0ZsSFFvSXVyVUhEOU01My1BczgtYzBz?oc=5,
MGT,https://insurtechdaily.io/company/mgt/,21.6,21.6,USD,Series B,,2025-10-16,Business Wire,https://news.google.com/rss/articles/CBMiggJBVV95cUxQR3dqZkJxT0sxNmdnVEdPbFI1cWxienNWLUhKTHVZX2JUYUJ4YlJLMmsyczBzdFZlUmtFWVE1N1paaUJKM0dBaFpseFdpTGMxVjFkLTlBQ1UtU1ZBd1hXYXJlMVB0ZDV4dGRoa0s4T3B1cmZyLUtnVVZfWWx3cEtJMEJZVkpZNnhoNkxZbGJrY2h6ZzFtNk5iMkdWanJwUktZeWFWRzc0ek1LVWJqNXAyV185Tl9sUFBqc2tHLUo5TVlzRVlGUXBKMWlHX0luMjZpNzN2ZVQyYVBhb1ZkaHYzR2xVUWdXczZESFdic0RGZmRQT2hGUVhzNjNNUVlPbTR3N1E?oc=5,FinTech Global; Reinsurance News
Afori,https://insurtechdaily.io/company/afori/,4.32,4,EUR,,,2025-10-15,FinTech Global,https://news.google.com/rss/articles/CBMikAFBVV95cUxOWmJRUE90d0dFd3ZPeGxhVHRjb2RwQTNna3UyMmpOWTVSSE1LOWMtNmxGQ1d6UVpEczBNQ3JRdFRQdUl5TXFCZjJNR0xRLUYtUEF6OFU2elhQSDFReEVEV2NCVmhlSm56YWRuY2l1RE5MYjVWVGRvNDRhNGlMOGk0QnVveEd5MTQzN3BWelRVaHA?oc=5,EU-Startups
Liberate,https://insurtechdaily.io/company/liberate/,50,50,USD,Series B,,2025-10-15,TechCrunch,https://news.google.com/rss/articles/CBMiuAFBVV95cUxPbTFYOGp5aDVFU3RUSVFGbHByblFoQjdyVlFyeW5BbHNfMnEyRllWZUJobnRaZ2NNYjNRUmt4SGVQX2x2NExJTU9fOTRjSlZsOFBleVMzOGhKZ00yUWcwbHY1cUJMUUxLdUJ6ZEx5WTZIdUNjT0YtanI5WjNIS1MzR29md2ROUUVXNENZREJfcTJyalBybEdWcWxXQjNRVmVSaTJHbFlwLWZvd2M4VjFxRTdoYU1WbDc4?oc=5,
Irys Insurtech,https://insurtechdaily.io/company/irys-insurtech/,12.5,12.5,USD,,,2025-10-13,PR Newswire,https://news.google.com/rss/articles/CBMizwFBVV95cUxNNFBpQjMwbEdENnB3YklycUIya1FycDdPQm9yRU1xcXBsWUg5TTlHaTRvVXV4b0d2TkVLVkxPa3ppb09XUDBGaTNTVDJmbGM0emJVYkhZd0xwcjhJTGd0MFMxamt1RlZaWF9HVXIyVnp0cXFTUWlwMGR6eW5KTm10d0RuUG9RckFYMk11THY3eEUxeGlfNkw1WUFfRGtNQUtXdXhGeXNSUmhnMVd0NzYycHZ3NGxBZ0xPblFPTm9VWGtlRUZfUDNBYnl4aGxpZ0U?oc=5,
Irys Insurtech,,12.5,12.5,USD,,,2025-10-13,The Business Journals,https://news.google.com/rss/articles/CBMijwFBVV95cUxQMi13bEZrS2FoX241d19XelZEV1hGd3BlaWotUFpranJLaWt0aWZkTm9WLXhUZERBa2dabkl0N1hKc1NmTkFCeDRZR1dMZGFBMlEyLTNMX2RBU0NIU2pUd29DNHdTaFoyY0s4T0U2Y3Y2MlpNZW1CalBVdWhtdlB1TFgzNDR4UGFYVmRDaXNCNA?oc=5,
ClaimSorted,https://insurtechdaily.io/company/claimsorted/,12.312,11.4,EUR,Seed,,2025-10-13,EU-Startups,https://news.google.com/rss/articles/CBMi3gFBVV95cUxPMVZ1SWgwc3lVaTZGakRvTXppWk9jcGF6azhzR0tfaVU5VmcwTmJ3VVRNYlM5VTBWb0tMN2U5THY4MldyeDlabDhHN1ZTY0xLbHlFWU0tSVdwUVJvQS1KMGdnMEtXMU12U3dNQW54M0RIcjFVMFJ0Uzl1Y1doLVh5M0tTYWR6cmJXc0tUTWx6SEY1VXAweTdtV0w0LUtoM2dSaGdfOWlaUGVnU3FHVGRZbUR3aEhTblRoLWtMcmhuYnlQTXRfT3I0SGJZRUZFcE5LLTAwbE4wSFBvVVlRQnc?oc=5,
Anthea,https://insurtechdaily.io/company/anthea/,22,22,USD,Series A,,2025-10-10,Reinsurance News,https://news.google.com/rss/articles/CBMiigFBVV95cUxPWEVueVVrcGJrQmU1NHl4NnhRb1QwSVhSQjJUdE5NRmxGdGJ1VkY0ZWlvY3VXdDhSckJmRWRFM2FfdlRISDN1REtvQ0hOWGg5ZDI3czVfQXVSQ0dKU0RsZmZGMFhKMlZHNi1uS2pEaVh5VDJ4ZFA1TzJNMG5oVGV3OEl4dHVvbXE5c0E?oc=5,PA Media
FurtherAI,https://insurtechdaily.io/company/furtherai/,25,25,USD,Series A,Andreessen,2025-10-08,Reinsurance News,https://news.google.com/rss/articles/CBMiowFBVV95cUxNVU9VQUo2a0hoc1BVNWRLWVpLQVA3RzJsVU9CSDZHZ3dzaUpnel9jWmMwUXJTeHRiVzd2Rk5ZWnJnd2xWek9kdHNBcktZbHp0alVhOHp3SW5ndkhXbEpQWVdQMkhFMlB6M3RxdTNrOU9xM2IzNFFobzdQSzJOUDZWajMzY2tnM2g3WjAxWFhhc05zRXVoOFJkMWYwaGh6ZmlSVjNv?oc=5,Forbes; PYMNTS.com
,,82,82,USD,,,2025-10-07,Business Wire,https://news.google.com/rss/articles/CBMioAJBVV95cUxNYktPMjNNa3dQdjMta3ZpbmZ0V0dPYjFadE9jcThvYTBEcTE2bURHOWRPeVp5UlVYdlRsRDhJd1pSU0FUUm5oNWl1Q0VUVXBTQTVJZV96VTUwTnVBbXpwZ2FZejl4Rnk5WndBcEpVRmNVcW9oTG82UHpmbi1RR2ZicFhBeFUtX0JPcy05Tk9sM3E1RTNWR1VpZUdHV3BjUUhoZzRPMVFhMV95U3lKdHlMemZIaVhKWlM3RkZsY1V1WWtmTGUwSzBJZkpjV3BlUFc4VzJCQm9uLUdiY3hmS3I0czhRVXNyZ3UyZngyb0kwWloxTHFOc3VEc19WUlZEV0xDMlpvZjRBTXlseDlIeWdMQUVKM2RuQzFibU8xNUVUUVE?oc=5,
Insify,https://insurtechdaily.io/company/insify/,17.604,16.3,EUR,,,2025-09-23,FinTech Global,https://news.google.com/rss/articles/CBMimwFBVV95cUxOQy12RmR0WXpWTUt6d1AyelcwQk5keXZlLXh2MnZBNUF1RzRoUXRRZm9VbUM2ZVBVMnlSQll4VjA3ZHIwanVwMXBUZ3NhUzB2ZWJJbC1HUTk3M196NGp0NDRIZGhCZERmM0ptWnpmYjR5bTZsMjJDN0luOW1DZ21rTm9JQXJBakltMFlKdGd5d0NQMDdNZVBLTDIwZw?oc=5,Silicon Canals
Seyna,https://insurtechdaily.io/company/seyna/,10.8,10,EUR,,,2025-09-15,EU-Startups,https://news.google.com/rss/articles/CBMi3AFBVV95cUxNMnh1TGpkU0FzXzlVbU4tUXZWdWtGQ0toU3dwY1hNYmRnZHlNcElNU1RJSm5NWUoybHhKRXFoYTZRS3N2N2ZRZ3I5eHB0ajJNU2ZBdTZZNTNqcUhNYzB6QmdvU1VfQ0hUQi1KcnNiYS00aFZtWFBlVUx0ZUVodDhoRU5oam9BMThmMGNIR2Q1YXJ1eGt4MmRXYzVLWFp3NU8zMjBOT1Zfci1kMWFSLXZZckJuZ2ROTTFXR2pIbjVrSUpfY3VkV2ZwcG1NOEEzVjRTaUNfVER6ZHZTRXdF?oc=5,FinTech Global
LightSpun,https://insurtechdaily.io/company/lightspun/,13,13,USD,Series A,,2025-09-09,Axios,https://news.google.com/rss/articles/CBMilwFBVV95cUxQRE1ZVWU4clNDWU1NM0NFc2N3SXk1QlBrcEx5aC1QLUVZNzdZdjd4X2Mtd1U4NHlrSGpxYUVMSFhaN2JxX1owYjZoYWJ3Z1NHOXZkbWdqS2NUb1E4bXhOc3YyQzVzMng5UUxKN0YxTlRKT2pSeF9SOE1GOVptaC1PazZOQk1sTTBJaG8tbTdmNW9KZkZfUFBv?oc=5,FinTech Global; Business Wire
Pathwork,https://insurtechdaily.io/company/pathwork/,3.5,3.5,USD,Seed,,2025-09-09,Pulse 2.0,https://news.google.com/rss/articles/CBMikAFBVV95cUxPekxDLWhiQ3NfVG1ZOVdMR0c1bXNiaC1mVUVXX3dsSERZZnp0TGZCMGpWenRxNUMtNzkwNlBUVFpVN2hiMU9QNVJQUFBhT2xxWlJDRE9QTk1lZEJyMlBudEt4TExrYVpRaUxBc3RGOG5kM0V2S2FKT1BxWHktdjlYQVZZR3lKb2UyczZ0TWpuZUPSAZYBQVVfeXFMTkxSVl90MWpjb25LVUdMT3B0bnJVN1ZXMDFIc1cydF96OWowODBUcTRXZi1JcVEyWW9DWnE5UTRnVHAzWXBvSWFfUTRKU1p5c05UR2J5WnBZVzdyOTlSMXVHNTVyQ0VpaS1OM04xaHRlYXNTSmoyNmphX2llWHJnMmVkU3otdFo5RThHZGNIM2V5ZnYzeEtn?oc=5,
Elysian,https://insurtechdaily.io/company/elysian/,6,6,USD,Seed,,2025-09-04,Business Wire,https://news.google.com/rss/articles/CBMi5AFBVV95cUxQMDVHNEUtUHd4OGhzR0V2U08yRW9pY0M4WGlTNEJhbXVBZ3NGUjJZU0VYX3RlbVJlc2Y0YzBZdnd1RlZwcHBuWFUtMEdNSHNGU1NCU2pHUzJ4OUNUYWZXQmk4d1ZGb0JDTFpWMWxMT2EwaVczMFh6aXV4cFhIQXEwTUJQNDliZlFJQ0JPMGNSaEVkX1dpSndBbDlBM0h4LXNXT2R3a004QU9VZEhqcXFZOE02dUlKTllOUWd6dXFBOUVDRE5CaHpvMk95VEZFLTFGQmUyTXJud3I4WExqTTMzUGNIRng?oc=5,
Bang Jamin,https://insurtechdaily.io/company/bang-jamin/,4,4,USD,Pre-Series A,,2025-08-29,Tech in Asia,https://news.google.com/rss/articles/CBMikgFBVV95cUxPdmF1UXJRTVVGSm1YajJKeDFoWWtwVnNEcHgwWUY5VFNCa0g5SktHUk9VZlBPWndnUWE2Z1B4MVVrWVpCUzIzR05Wd2NWaHlIWVFXelgza1NneEJ4aUt4bjNHVklXbEZYWmFqdnhlYWJkM3NQd2tyUThWbTNoZzBBQkk3SmVhbk9NX0Q0UHRvZVQ4dw?oc=5,
Sola,https://insurtechdaily.io/company/sola/,8,8,USD,Series A,,2025-08-26,PR Newswire,https://news.google.com/rss/articles/CBMi1AFBVV95cUxQQkxoNEFrcTBrSy1hQnBJSEJVVzI3aXRfeUdId3BsczdRaHZfQ1ZTLTQwUkNsQXc0QXJObVVDMi1PdkpSbXR0NWFvWnEzNEtJcnVtNEVjOUNDc3U0Z05vZ29TeFhBRnZSODZPSlh4YkRLZ2tHS3dHSFBaQWlrWHNKWXIwbHRkQ20xNzJ3YTRJeExsZURzTVVTX1lGejJ1MFBCeFZXOG9heHBfSnpJdERLZ3pYU2wtMEg2ZDBXOUw0WXhLWXhpR0xObG9TdE9ESjQxMVhQSQ?oc=5,Hypepotamus; Reinsurance News; FinTech Global; theinsurer.com
Simfuni,https://insurtechdaily.io/company/simfuni/,3,3,USD,,,2025-08-15,National Business Review,https://news.google.com/rss/articles/CBMiigFBVV95cUxNVUx4VFZrNHF4N0FuWm1uR3c0SkxWck95M2ZvMFJHN0xCWTAzcl9RZVo0Wkp6NW01WWZOcmhQLTFVR1hHSEw3Mzh4WU9NTjFyaTNKSWFsbXR4aDVPeGxUTkxubGJ3bUJXNGVlM0RybTVkZG96NWYtcUxTRE1BU0lMVXRkd2d5bjFMdVE?oc=5,
Inclined,https://insurtechdaily.io/company/inclined/,8,8,USD,Series B,HSCM Ventures,2025-08-12,Crunchbase News,https://news.google.com/rss/articles/CBMitwFBVV95cUxQZ0hMWkMzV0JnWFhfbWxSazhITGpuRzBFWGFvcE1FdjUwTXhOTmpiMnp0WWVfd3NfYUR5QjdoQmZ6UjZrRnltaXVjSWlEVzJiUE5aNW1LOXNKNThKYjE0OVVzeW4yTTdEdXd4TjcyRW9XOHdrTmp3WDBuZW9KTW11NjYxV05LTFp2ZGUyS3JURHRicDNTUU1SVzBPa2YzTmZ4TDliYkVZNEd1MzFCbzNYNzVoakxjT0k?oc=5,Artemis.bm; FinTech Global; Business Wire
Mitigata,https://insurtechdaily.io/company/mitigata/,5.9,5.9,USD,Series A,,2025-08-04,Elets BFSI,https://news.google.com/rss/articles/CBMitgFBVV95cUxQMnJmWTZLTmN1cFlCMnA3OGVwNmpGVWpyNzFreHU0Sm5rN21QbVhReXR5TjgyTHNQWGtxRjl0UVl0a05ybHh0ZXVoN2F0MENQWU1ESU5UWUtpWEpnSlhza0xLbGZWdHllM05HQVpDNEZhNTRvZ2VWb2FBbm4weHpUdXNyZW9VMmVfSmRzTXg5cDlkOEFMNm5XVXozQkpyVThKMDRHLUxudTRCN1pPM2RhMUtqTnQ5UQ?oc=5,Inc42
AIUC,https://insurtechdaily.io/company/aiuc/,15,15,USD,,,2025-07-24,FinTech Global,https://news.google.com/rss/articles/CBMikwFBVV95cUxPTDJRZEY4Zml0Y2tqWEV0MnBSanpubDdPWTJoaHZfbWNxZU5XSFR6bV9CbTFXUlFyaWNQTkZCYlhSaGU1alV6d2ZGZlpldGpnS0ZXc3U1bm5IaDJDWGhqLUNGREJaNVFGcmdfWnhYZHQtMGZxaFVtWGwwbmsyWFg3TGF2RkRmMzVBTzRsNnQwRkprX0E?oc=5,
Bharatsure,https://insurtechdaily.io/company/bharatsure/,0.72,60,INR,,IPV,2025-07-24,Entrackr,https://news.google.com/rss/articles/CBMilwFBVV95cUxPblVPQk5pVWtMbUdKZjVjazAyTThBbjhDMHpFZEdiQ2JJNW1ROWstekxGRHpEeHh4N1hnLURFaUMtdDZRUVROMnUtUDB0MGJmdnJBV1phalp1QTlMU2UzcVh5QldmZzU0YjFjSzBQQjdpZF84WjFKSVJHanBETjlrbVY3a1N0dUtWWTBDZTRnYnVselpUUTJR0gGXAUFVX3lxTE9uVU9CTmlVa0xtR0pmNWNrMDJNOEFuOEMwekVkR2JDYkk1bVE5ay16TEZEekR4eHg3WGctREVpQy10NlFRVE4ydS1QMHQwYmZ2ckFXWmFqWnVBOUxTZTNxWHlCV2ZnNTRiMWNLMFBCN2lkXzhaMUpJUkdqcEROOWttVjdrU3R1S1ZZMENlNGdidWx6WlRRMlE?oc=5,Indian Startup News
Eventual,https://insurtechdaily.io/company/eventual/,7.5,7.5,USD,,,2025-07-23,FinTech Global,https://news.google.com/rss/articles/CBMinAFBVV95cUxPdDRFQUlkZF9RaXhmM0dldEN0M1lUZml0N1NZa3dldE9VaXRTcE9qVS10anlsNlFINDNtN1dSZjBGWDZ2NWhUcU5SUWxMS3F2NC1uOWlVcm1qQVNfWU1WUTRVc3VGUUxhNHo1aXFJSkV5LTBpWDF3aWlhc3huR3pmZEx1MXJBOU9xLUltenBUZGI4ODFURWRvSy1OV0k?oc=5,
Bowtie Life,https://insurtechdaily.io/company/bowtie-life/,70,70,USD,,,2025-07-18,South China Morning Post,https://news.google.com/rss/articles/CBMi1gFBVV95cUxPV0xjWTVIamtVM1FmREY4QkpDOV9TMGQ2dl9IMU1DT2VJSlhaQjhZUnhxOE1pajNKUDlwVlhvS0ZoQnZ0MmlOVFlrbmZYNk0zY1BxOTlUM2lyb01ISmR1N1FHRWFqQTFsNlJVOG9wc00zVEVGcWY2cTBNeUFEWHFOaUlPWDRFWl9vcE5JTUQ0RDFaZW1tNHh0Z0h6NHM0MWcwbG44WmhPNTVwUG82RzJZaUFNV3VNaDhSUjJCazU2YnJZclY4Um5MUWV5OUJrc2JLak9xWGl30gHWAUFVX3lxTE0yNkxpUjJwRW81cFFPdUtrc2JnQUd2TmU5U2ltYkpJZEYzM3JTR05LY1dqakdQbE9vLXFIS2gzSUNQQWJHRmwxWmdNRWFzY3Y0RzZlaUVWa0oyQV9XcFBWRnJXRXJpd3hVcGpQYWc2TXlaSEdCemFicmdsMFlEd1l4UU9pSXJBUWJLUVBhUHg0OWxUOVdxVmlySDZQblpNaXZabUFuVzllcUFGMnZBSEhuc1A0Y1BLRGhNc2hlOS14aHNIS3QxY3ZMT0c1NndMSkhxZHZlekE?oc=5,
Quandri,https://insurtechdaily.io/company/quandri/,12.045,16.5,CAD,,,2025-07-16,BetaKit,https://news.google.com/rss/articles/CBMiugFBVV95cUxQRHdzQzR4SHExN0NKX01BX0UzckJWY2U0UV81V1FMM3B2d0hkVVNHbG5RTXVzU2R5YWZsX0tlMGx6WTdTdUppMExLUDRMT3IwUllHeXJFVmwwRzg4c3U0TU9ocEZLZ3hYdWVjb1dDX3pUM2lhZlU1RUJERjIxSk5VRFRnbF9RTEExQVQ5UDBGZ2ZxaEVTdmFtUFY3SjlsZTVCY1oxQ2ZIY3lpMC1oQm9MQ1NzVWd0ZWZzakE?oc=5,FinTech Global; Insurance Business
Loro,https://insurtechdaily.io/company/loro/,1.1,1.1,USD,Seed,,2025-07-16,PR Newswire,https://news.google.com/rss/articles/CBMizgFBVV95cUxOVEpsWnJxQkg0Rkc3LWtDNkI0VzA3RlBqbXp4cThoaUdtUHpBX1Fra1Q5SktxNVUxdUxxWkdNQmVMWkRjRWZoR0Q4cFhubmRaaDU3bkJ6S1FHSGlTRkpBcnVyUVFGLXBRczFSSUxGamh1RURLRUU1WE5CSnpwQ1VwZGR0NlJRNzhpejhmQlFGMHBZTWtqWFR1WlBiRmIzUDlydTJqa3JUdENjTFk0QVVwRFBCdEFmVm5wTW9GUnl1UGJvYjJmbkVyNEJkMTZRUQ?oc=5,
Coverflow,https://insurtechdaily.io/company/coverflow/,4.8,4.8,USD,,,2025-07-16,The AI Journal,https://news.google.com/rss/articles/CBMivwFBVV95cUxOUVJZWmhGNmlhUHJlQ3F1dWxIbjhTTzlZa280R200U0JBbDNveHBSNEhzbnpNUzRtZzBqTGNDeDlDRUhSdHdmOVF3Sk5pNVUtZEM1X05kZGhzMURQWlhvXzZuZXlSODJUam5JNkN6S3dTSnVJU2lsRVF4Y2xVMTJ1SlZrMERYWVdxS2JPN2xxS1JrMDRtOW43SDhselRYMS15aHdscE9LR2ZSdS1IcjQtbTlYTWprSGRUSFctWlBrTQ?oc=5,
Laka,https://insurtechdaily.io/company/laka/,9.504,8.8,EUR,,,2025-07-15,EU-Startups,https://news.google.com/rss/articles/CBMiwAFBVV95cUxNdlp0QVRCX0kwY1VLMjJSbmZYTlpXRm1KVWVlZmFfb2hJNDNYN1daWXdMcEx3eHY5X3JIRDU1OFprNWRUR1ppTDY3dlBQWHhhRmhweno3Z2lKREROY3F2SXpCU0ZNbnl4d2tzSnFTZl9sZXczeGloZkFNaFNfREtJZWEzT0t2SGN5QkdfNWRkR3k4TktxMFBiclVMRDdmWFhCOTM1LTh1ZDgwaUdoMEVHaHU0MVlQNVMxeEI1VGNJZUU?oc=5,The Next Web
Yasmina,https://insurtechdaily.io/company/yasmina/,2,2,USD,Seed,,2025-07-14,Wamda,https://news.google.com/rss/articles/CBMigAFBVV95cUxPb3NEMWJGTy0yb0pyOTF6N1dPS3otT19zYU52RWpoSGtYQTdQSGxCQWI2VHNIUXVHQm1mQXNwYlNSczR3aUsyTHAwMWVTM1o5V08xTm5Pdlg2aUpLeVF6bWZEVmZDMUJ3dS1JR3ZKYXFYLUVmOEJjV3BReHJiWjktdg?oc=5,
Stitch Studio,https://insurtechdaily.io/company/stitch-studio/,3,3,USD,Seed,,2025-07-11,FinTech Global,https://news.google.com/rss/articles/CBMilAFBVV95cUxNakppUkdoNERxRWZfdEJqVklkVzBvT1poM0lma2JVMXZTdG9aSncyNUllUHZ2NDJGN2NveFRPTWNYb1Z1MGp1Y2VaQXVrU2NmdlBabVp0dDVITGlxU21UX1o2MkdMeFR2bmhnZVFlckRBN0lsY2pMOTFOOEphcFVSU003WHFzTmJ6ZEhBS0lhNzBoTXdm?oc=5,
INSHUR,https://insurtechdaily.io/company/inshur/,35,35,USD,,,2025-07-10,AlleyWatch,https://news.google.com/rss/articles/CBMi0AFBVV95cUxOUHZhTGlGRG94YmNnTElnbVFYX0NQTW84QUs0Y1JyejI5dHhXcnRKc2Y4a19xeGh4V0k2TFZTZi1rVk5oRlZNRDR2dzQteWZsRzRRandPeVRsR3VIXzNCY1JIZjIxSHU0SkxkUjJCTmJGOVRuZ1Njam5PYTV1OFI4NmlwTG9YMHBjY0ZHRFJRbzNlUDI3VjRVVkIzZzlQU2ZpbExqU0VORzRBSXcyd0x4WEFOa1Z6UnpQUlIzNkFFUFQ2YXNtdkN2ajFGbzBCcEhj?oc=5,
wefox,https://insurtechdaily.io/company/wefox/,163.08,151,EUR,Growth,,2025-07-10,FintechNews CH,https://news.google.com/rss/articles/CBMiiAFBVV95cUxPSzFvV19HcVhFNmppaDFJdGpqMTFyRy10QWpXcGlwdDNENDNNbzFnY3RUUmNIeHd1Q3VMU0hlSXQzX2h1aHBqM2UwN2dIUVBwQzJGMW1pTm43VXc2WXZoTF9IRGFIS29DZHZmTll6eVc2X3RBc2pMV1ZEcXp5UkhLZFBiaTFFLUhi?oc=5,Insurance Journal; Silicon Canals; Insurance Nerds
RoofMarketplace,https://insurtechdaily.io/company/roofmarketplace/,7,7,USD,,,2025-07-09,FinTech Global,https://news.google.com/rss/articles/CBMiiAFBVV95cUxOOWdCeEpUMEExTlpGXzVsME9WbmhBa3ItUmVLTlBLZEQtNl8yYWVSMi1Gc3Fna1FTS2lwWklzS1gtd3VpS1M5dVlRN2tseUtJUDdjOUl6clhTYzhRdnZxSk9OemE1MnVTY3RwOVNCdDNhdFotd2RMeF9GcElpYVZ3RUF0Y3R0bjJI?oc=5,
Soteris,https://insurtechdaily.io/company/soteris/,8,8,USD,,,2025-07-05,Coverager,https://news.google.com/rss/articles/CBMiekFVX3lxTFBRS3d4UE9uTW42VEVlTTVoTEFiVHdoaHByRTR4N2VWSUt4eU1zdk51Zy16amd6STZWbkpJYnRmQlFIdVkwUnFMX3NwUFFrV0JKU2oyeVItZ1Jqcm9xRHlQQ1ZXa01aRkpqcjBva3RkVllPcmRXaFViTm1B?oc=5,
Leaf,https://insurtechdaily.io/company/leaf/,1.879,1.74,EUR,,,2025-07-04,FinTech Global,https://news.google.com/rss/articles/CBMikwFBVV95cUxNX21FUFE5VE1STkFrSDhha1kwdnMxd09RcHc1ZDhlMlRwaUpNXzVnRzVPWkt5cHFjS3RYcVBfaE10azNKVWphRks1RGkxbWhwVDVoQ0VrbFBydGcyT2RxSmNxU21zdjNKTmhhVXBKLWZqcnNLd3ZvaE56bFZ4UkxyS2QwVTFlZWhIaWRqRDlpdk0ybk0?oc=5,EU-Startups
Ledgebrook,https://insurtechdaily.io/company/ledgebrook/,65,65,USD,Series C,,2025-06-25,Insurance Journal,https://news.google.com/rss/articles/CBMickFVX3lxTFB1T3llU3puamgxR1pqR3dVUDNqZzNDTkJpWXBoZUFvLWZJbHc5VGl5alNncDBYbDVxU0NGWkFkRFFCY1M5VDJYcUV0dUJVVXJFeW1rYnBaRVYtUEFQVWc1c1BOYVcyVm1iRFBXczlQZUVBdw?oc=5,Pulse 2.0
Orus,https://insurtechdaily.io/company/orus/,27,25,EUR,,,2025-06-24,Tech.eu,https://news.google.com/rss/articles/CBMinAFBVV95cUxNaUFzcEs4ZkR6UjkwWGd6bkJ0YVIxb3E0NWhkYVlzVlIxUTVhaXcwY25DajhneTVKN3RqSW1oOXR3dVdrWG9JWThXRWNzbl96dkFzUVYyeDRWOXF1Z3hhSkdndzBkMl9zSS1YOEJYMkRiWXNYOHhncWZXM2ttUTZhT1RNX0NxcjBIcHA0NVJTZGVQa21ULWlIcWlCb3E?oc=5,EU-Startups; PYMNTS.com
Justos,https://insurtechdaily.io/company/justos/,16.5,16.5,USD,,,2025-06-23,LatamList,https://news.google.com/rss/articles/CBMifEFVX3lxTE9WaGo0NklsSTZRNkROZmFjZDdLLWF4RGgzVEx1T0lZNjVRQnFMOFVrZV9PNTV0bm81eTYxemtzMTQ1S3NMM0h3RzUxdEFjWGpkN0w1N0V3MFB5WUpfYy1JRnh2RUR0U0RKNFFPaEtOUmFSaWxCWW5vVWdJMTLSAYIBQVVfeXFMTU5VVmZrVlMtOFJfd01tNUVadWRER29VckFLTjh2TVllWXJNdE9nTFB2bGpIQXJ6NnRERE9VNjlPZ3VOQlFpdXRJN2t1bGNTd2M1cE0td3FDV0x1amRHc1JRTGR3M2VqVDEtczNTY1g3STE2X1NCSVlPM3E0WGx2b01uUQ?oc=5,
RenewBuy,https://insurtechdaily.io/company/renewbuy/,10,10,USD,,,2025-06-20,The Economic Times,https://news.google.com/rss/articles/CBMiwgFBVV95cUxPWVU1VG9wcDctX2RzRnBSM245c1ZZY05GQlFNcDZFSDVXQjc3djQzU1dzQ2x2NnVFdDVPazY0dkhYWXZ4SURpUEZjWENSQUFfOFdJRGFYUzZJb2o2RlpNXzE4Vkctc0ZYZXdGem9Bb0JMbGJjUHU3ZG01ZkY0X1hJQm9VckcxYVEtcnJFWkdKUEtyaTlWY0d2TUYzQjJCWHFpeUQyZzhKVFRKRHlMV3FXRGI2dW5vUjJxLUhwZXRaUVRxZ9IBxwFBVV95cUxPeWRGNE9Rc3p6MlNubGdIT1B3RHhjRXNZWmFEWnJ4X1RncUxYc3hoYlc3aWU2TWlxTjhwclBHZHFpeHdXWWJjdGstNmVuOV9FYzBCcW10VHZ6bVN6X0trc3lRazdZRGlheVhEa2NmTkZ1SEVUd1M0cEdkTmlINGJNMXBDZG1SM0UzWVFISnQ1aktNNGo3ekVValdZSUwzUTVuV1NFUE5VQjkwMzdEX2plYlotUmpRXzMwejhLbTFLX01iM0ZPYWpR?oc=5,
Vertical Insure,https://insurtechdaily.io/company/vertical-insure/,8.5,8.5,USD,,,2025-06-16,FinTech Global,https://news.google.com/rss/articles/CBMidkFVX3lxTE92NXp2bHdRWUtqdmV5QXU1a3RfN3ZHTWFkYzhDcUdBSHNCLTlRay1EeWtQWEJfRUE3dzBzZ0RxRzNZeElCR1VualNNUGVaYl9LbF9IYnZjTTJmeXFFZE1FRURFOWhkNDRLOVY1bm93THBzZDZaMGc?oc=5,
Midtown startup,,20,20,USD,,,2025-06-16,Crain's New York,https://news.google.com/rss/articles/CBMigAFBVV95cUxQd1ppM1A2UTJSdWVmbjZnS1hTWVBEaGR4UGozZ3NKMWpVUXJQdTRKNFNZYWVmWXBDR3liVGFBU1l4R2p5aVBzUnVrY3FiZzZlNjlpRFVuY3ZVT3JYMEdJekNScUtwQVpPaFNKNUZlMjdEa0E4d3d5THpVdXZzZDFaMQ?oc=5,
Zorro,https://insurtechdaily.io/company/zorro/,20,20,USD,Series A,,2025-06-12,FinTech Global,https://news.google.com/rss/articles/CBMimgFBVV95cUxOZlc5T0ZaRnlILXlHYUIyUG1lU0dUMFVMbU1hOFl5NUtVcTZ3dlMxZ3BGTDBCcXdGLW05OWxtZEF5NFE4N1FOWjIwRDcxN1NXRlc5X080TUkzc2V2eEJWaGdsTjE0dGRpU2pEUFptU2lVWW9ocFNpQ09zZENfNXdWNFU1VVJTemVrTVNvSFJMUU5GaGJQdjNrWjRB?oc=5,
Crabi,https://insurtechdaily.io/company/crabi/,13.6,13.6,USD,,,2025-06-09,LatamList,https://news.google.com/rss/articles/CBMijwFBVV95cUxPYzRzR1ZQY2UwbnZpRkFKOU1iRkVjcUZzUEt3RVFxaWJpb1psaWVhci1TRXEwalRKTV9fMzVVZFlhWkVSdVZKeXdFU0IwWFRUUjMwY2ZlbzNOa0dra3dudy10aFBNbEU3RVROTW9pcGx4M1dacWFVbFdEYVlJM3lGdEtIWW1mNDZWMC04UEl5TdIBlAFBVV95cUxOWlhIREZwMGJDalFFR2lDMTlDOVNBMEdXbzZwS2kybV9PMkJwSEdFRmVlSDZ4SDBad1JSUEtEVXlaSk1EcVhrWnZMYl9XWnlSSnJsNmRMU2tGX2xEVTk3Nk5kbV9CVEJfaEo0NjJFSHlqSVhxZlUzeHNoWmctRkV1NElSWFU3cmc0Qk16Q1FrOFppLXJE?oc=5,PR Newswire
Fixxy,https://insurtechdaily.io/company/fixxy/,1.944,1.8,EUR,,,2025-06-09,Startupbusiness.it,https://news.google.com/rss/articles/CBMiiwFBVV95cUxQcVBxZ3NPNHhzRlpxN0lLdmVxYUxQTzE0VjBOaEJ1Ym1lcVRLbnlLb2ZQZUk1aDVSbHRpTWdudEk3TFZ3X3FmNlBfdlZhaGVtdFZwSzhzYmRZcDZ2bF9WLTBwNTQzZGI5N3dXNGNLZDhpMXg4bUVxb3pVdFg4TjlmeWd1VDNjMU1TdGY4?oc=5,
bolttech,https://insurtechdaily.io/company/bolttech/,147,147,USD,Series C,,2025-06-05,Life Insurance International,https://news.google.com/rss/articles/CBMijgFBVV95cUxOaEwyMWlINGdiSUFtSXU3ZnlPMXFBVFlOQ0I4SUhaZXNOb2JfS2ZBUGNVcWJJU1cxVzNnX1RnVkQ1T1ZkTmY0ZGpuLWhVVFM4WkZseHdTUnR0cEZsdVRJQWFLUjNielVBbEZZQTU4alRnSmZVT1AzMkFFS1ViYXNrY2djU3gtVmdnZ1o2ZkVB?oc=5,Pulse 2.0; Finovate; TechCrunch
Baobab Insurance,https://insurtechdaily.io/company/baobab-insurance/,12.96,12,EUR,,,2025-06-04,EU-Startups,https://news.google.com/rss/articles/CBMiywFBVV95cUxPbnV1dXZCTUVIaGIxMG42YjhyZHVZeDRXRC1lanRLQUNrYW1DVGViT2ZlVjduM2w1VGRWeTNkcmdydDJoNDYyRWJ1NWNkbGlaQlhXbGNFTWljM05mdFRwVGV0Sm1wM3hmZ2J4QkYtWm9ycFdqREhJSS15Y3dnZzF3XzRGSXo2eXpGR0plaGxVTHlfaE5ubHdHeEVURS1pTW1Ybjd4OTE4SmF2M1FJMUZlbVg3V2NldkNDSDJZeUt1OHRpbzNSM0pjVHVYWQ?oc=5,
Bestow,https://insurtechdaily.io/company/bestow/,120,120,USD,Series D,,2025-05-16,D Magazine,https://news.google.com/rss/articles/CBMitAFBVV95cUxNYWwyeFVUZldSUGtXZklYTm96a2l4Si1iSVNhTmJtUlUwam1yWkp2YWRqOW95Q3hsVFFReC00WXRUc0NlcXhLUnJ5NWZQUWJUam5JcnBFcDA4RC0tUmxmRk9Fang1WmNBdjlla3BpWTJuQkM2V0tOVkdpbEdDeUtBOHJxYjdNTWphUzZwS3hGNm02MWhlVFo0aFNTX1pXNGxiem1XaFpKQW12Zm1rbU44QTdyRDA?oc=5,
MarvelX,https://insurtechdaily.io/company/marvelx/,5.832,5.4,EUR,,,2025-05-13,EU-Startups,https://news.google.com/rss/articles/CBMi1gFBVV95cUxPVllTR1N2enZpZy1tcnEtOE5BNFg1d0c2RjU3Y1o4VXRNc3RBS19KcHpzR0Z0OG9FVjdHNmFyYXV6UGpOUnVTV2NGcmVXZzh6cGRZQkFFNTJDVl9NcmdaV24wNU5uc0dsei0wcXZBNlFuYXZlVlJ5YllGUk9VRXc0bXcwNzRPLXJHd2loaXhXR3k0cmI1alItTk9hNHk4Qi04V1hLSUlHemVORXhGSXlCSlFXRVBxVGx4UjVmdFNYbll6RnBlZFp4aVIxSEV0MWhYckNMbVdB?oc=5,
Loxa,https://insurtechdaily.io/company/loxa/,2.052,1.9,EUR,Seed,,2025-05-08,EU-Startups,https://news.google.com/rss/articles/CBMisgFBVV95cUxNRHFOMlYwYW0xTWRUTXJpN0UzVm5vb3daU25PR3JFSS1OaGwyYTVXM1VaWFdaWWFsUGJrbnl3TFdMUGJGaXJlNlhCQUdLQ01QNjRaaXY3WVU4VDNPSlVwMFBiRlU5M0tzT0pvTW14bUF1VUI1QnNYdDhIdmNOS3cwLXJPR2t0UUdrRjBsQU1QdkM4NUU2NjgxdF9tbDJzY1puX3dDeG1FdEV1QTBQVU9FWGtn?oc=5,businesscloud.co.uk
PAWCHI,https://insurtechdaily.io/company/pawchi/,4.5,4.5,USD,Series A,,2025-05-08,Wowtale,https://news.google.com/rss/articles/CBMiU0FVX3lxTE4wV1dpTXhkWUgwcVk0UU9zS2xaNmxlZDRUUkhkdW0zenc2Z2thMGNDcWhSTWZjcUw3cHhOZGwyYjFXcjdNNFRFMDhiN2NpalVzU3Rj?oc=5,
Insurance Samadhan,https://insurtechdaily.io/company/insurance-samadhan/,1.02,85,INR,,,2025-05-06,Entrackr,https://news.google.com/rss/articles/CBMipAFBVV95cUxNOTVMR3JXMXdKNFFQY3pKbV9wSjc5c2dIRkZ3Y184VDZya3BjZVhSSkRMT21WOHZaRk5xLTFfMlA0OTUwbWFMa3c5YlN1ZFZBM1NaaUNYRlE0MjBMWmN6STVHZ1FGaEFMOXRLSEdraHYyWm9fS0RTUURFUTQtUGpobTIyOFNSWGh6WFF5SDhTMVcxUHJyMEJBYUprb29zWFF3Z0pWRNIBpAFBVV95cUxNOTVMR3JXMXdKNFFQY3pKbV9wSjc5c2dIRkZ3Y184VDZya3BjZVhSSkRMT21WOHZaRk5xLTFfMlA0OTUwbWFMa3c5YlN1ZFZBM1NaaUNYRlE0MjBMWmN6STVHZ1FGaEFMOXRLSEdraHYyWm9fS0RTUURFUTQtUGpobTIyOFNSWGh6WFF5SDhTMVcxUHJyMEJBYUprb29zWFF3Z0pWRA?oc=5,
Steadily,https://insurtechdaily.io/company/steadily/,30,30,USD,Series C,,2025-04-23,Newswire.com,https://news.google.com/rss/articles/CBMiowFBVV95cUxQeGpxMjB0eE5CT1VSU29makg5czhmd2hyR0xrU09nbzJmcnBkYVJUUC1GRkozUWs2T21jQjExUW41dmNxVWJzLVhkT09UVUZZOTVBYUQxVERTUVBDSnlBcmFOWWFpM2lxVUU5OEV3TlNJSlNDZHhuNXNWNEZDckYzLXpwWHpka2RabTlqSnBSWFJCVVdkMndvc1VvcVcxNWRuQUg4?oc=5,
Chapter,https://insurtechdaily.io/company/chapter/,75,75,USD,,,2025-04-18,Fierce Healthcare,https://news.google.com/rss/articles/CBMivgFBVV95cUxOVzE0N295OTN4STQ0UF9oNmVndkNIVmd3ZFVoU0M3dEFJUXJuYWpDSkhUY3JuRlVnamZ6OFdiTDJsQTdYTmhZZFBRXzF3OFNBVTM1NTdockJab3E5VGx3UXdRNjluNUY2cXRETWRlZGdvR09MUDlfZG9QVVE2UzAyNHRLcXU2d3FYbVBxQnlTVzhLVUZOa1Ftc3E0bks3WWlLMVpaQ1RMWnhCTEQ0eUFQbnA2SUN1NjAwVjQtLW5B?oc=5,
1Fort,https://insurtechdaily.io/company/1fort/,7.5,7.5,USD,,,2025-04-17,Insurance Journal,https://news.google.com/rss/articles/CBMid0FVX3lxTE5zeXBEOUFROFlRNmpVdXVqeTZtbF9ka3BERHFTZFo2UVNMdEhTVFM0NmtMZmtpRHlacEFJUnUyc25IV212WFhQMThJS2lDSXJpR29CUTJ1MEo5bHo1SnU2VXRZZ05TZEoyb0RlSWNpMjBHeHFfczZz?oc=5,VentureBeat
PolicyMe,https://insurtechdaily.io/company/policyme/,21.9,30,CAD,,,2025-04-16,Business Wire,https://news.google.com/rss/articles/CBMi9AFBVV95cUxQd0lGV0VxWVNUSWI2MlZUd2NMTlJEN0lZenNTc1d2WUZJV0hZcHpBd0RQTjJNNmVjUFpwNjg5UnV6bUhMM1FZdEttQmxuMjdWVXQyN2hyNTQ0SVY3NWI0cnpLVElBZUxCZ2ZkQWIyR25ZT3ZMaXZjVVJseXY1MFNkLUNzWFNZNEIzRHRVQlZTaEVDWUVjZXNHUGRyaUhEY0NTZEVVMm1NMkNFSVU3N0trTk1ZLUNOdE9ibVZKV0lwM1F4Nm9Nbk9xSHVoNFBSSkltNTlqbmJDTDZtX3g2UVFNRkw1NlRNR3ZrTmFwcE9WSUlITWtl?oc=5,BetaKit
Marshmallow,https://insurtechdaily.io/company/marshmallow/,85.752,79.4,EUR,,,2025-04-16,FintechNews CH,https://news.google.com/rss/articles/CBMiggFBVV95cUxQckJxRWtsaGdCemx3Sm9GeElrcUFMWXNEWjB5dVNKd0hqWUJ5RldaOW00Q0VlNTRncU9KQVlnZ2J1MFFnZWVweW9rWjl2NW1keDVjQ0Ywby1kM0FreDFDOFdBSUpjR0tsRUhudWNIVnFsanhYOC1QOE8yVE5zX1ByMkNn?oc=5,Sifted; TechCrunch
Ominimo,https://insurtechdaily.io/company/ominimo/,10.8,10,EUR,,,2025-04-10,SiliconANGLE,https://news.google.com/rss/articles/CBMimAFBVV95cUxObXRfbU9mMTZjUTdHRC1KcjgzdmRHZ1ZKWVpsZTFTaHBVazhHalZNNlFYbTZic0w1blRfWmd0R0Z4eWowM2J3X1l1dVNKNUtTbG5yLWRsNnNES1FoaDFteWI4X3ZRTnJ3UW5hLXhmNHhnRS1wenZFdDZ3Q2JSTi02YmdyTktzeVlfRFBxQVNabFY3Vm1sM2NFNQ?oc=5,
Grace,https://insurtechdaily.io/company/grace/,6.372,5.9,EUR,Seed,,2025-04-03,TechCrunch,https://news.google.com/rss/articles/CBMiogFBVV95cUxOdVNPUV91ZldZcFM3RTJQcG5WcVlUWTh3eS1SMEFCSGlGdmxFTEFOaGFZbklSUG9jOGVUWU82NnhzeFJSeDRvamVFT2dVSHhTYktwM0FMOGFLT1RtM09Yek9NZDN2WFdzdTNaOW14TERtSWRvLXBSMm51Ql9CZXdoZjVhQkhHLUFXdk1FX0J2WWM4a3Y0d1haWEh1WUpQaG82LVE?oc=5,
FurtherAI,https://insurtechdaily.io/company/furtherai/,5,5,USD,,,2025-04-02,Reinsurance News,https://news.google.com/rss/articles/CBMirgFBVV95cUxOUmN4LTlYQTZ0LVc0blBrWnlUSHB2WHNCQkFLRUFWNV9fdDJyUHdqelUyV3h4VjZEbjVqRnIyWXNMcEwwd21kaGJyZFFnRlZ6UXl1cmw0S0NDS016Y0RVYjIzSlk3WGhUM3F3RG1ZTnNqdUlvc2pldzJvTkctMnpGenB4aEN4NTk0Yy1fbW56eGhrOFJHQ0gzXzFoVkZwY09kNlFfcG9CajNvWE5HaGc?oc=5,
Vivere Partners,https://insurtechdaily.io/company/vivere-partners/,7.5,7.5,USD,Series A,,2025-04-02,Business Wire,https://news.google.com/rss/articles/CBMi5AFBVV95cUxPdE5ieXpDTTJfS24xRTFHT0JwYjJGN1pwYm43S3dzdi1YRkxibk05dGxDNXQ5Umlhc0hLYmVkdGdNS0RTRE5NQkwtZTE0d2NDdXB4UUtTNmkxeU11S3p3VjBkaDltcVE3dW9GR1VmVnNvbmhkMmtnYU0xc2lLLU9ySlROdXZueFFxRmtubFpmeFB1aFUwbS1wNEE4cTl2emJMYU1iOThjUnpZSmFrRW1xVk9VMmw0WjlCNjIwUmRXb1BwQWR6WHRkMUl4YTludHNYZU5mdGRiSEo2Y2pzSzBXcFAzcWk?oc=5,
Kay.ai,https://insurtechdaily.io/company/kay-ai/,3,3,USD,,,2025-03-28,Business Wire,https://news.google.com/rss/articles/CBMiyAFBVV95cUxNWVJaUDB5c05ORUlCa3JZaXJvUEZBRkhDV3d6NHNoTGJueE84MGp2aDRqbkl0VjMxcHAwZkQxcW5FSnVEQXE0N0N6OXZ6VDlzU2lBU2ZaV1RVRnZxVGRNYkctTnZJOHFmMW9uOFFmb3Npb0lzaVNBalgtSHFJOHJoRWhPZ3NFX2ctanZ1dXZfbUF6Z1VwZFdUMFVZZ3Jtc2Uyc0lUMV92dTFLUmd1QWhzWV9aNU84Qk5BVXV0UDlZTmxSZktVS05sLQ?oc=5,
Arlo,https://insurtechdaily.io/company/arlo/,4,4,USD,Seed,,2025-03-25,Fierce Healthcare,https://news.google.com/rss/articles/CBMioAFBVV95cUxPWFFCcnFEWGpPMW9SOVdSSE1PYjZTU1I0NWxmVUdJc3B6dW9WY2hlUFVZcUhNSFZRclJiOGZRbjdXX25haGpGN0xhM1pWWTFJS0piNjRvTE52c0VpQkRWUU5pWVVDTktlMXJUdllFamdXYkhaZ3kweFR5TU9sRzdMVlpFR2Qyak5HRDM2QTZyWVZ5dkZHNWRZZ2pLNG1DOWR2?oc=5,PR Newswire
Peak3,https://insurtechdaily.io/company/peak3/,35,35,USD,,,2025-03-19,FinTech Global,https://news.google.com/rss/articles/CBMingFBVV95cUxOWEdpZnFEUmZXREpSVGZVUTJ1a1QtLUtjallBaUVoTU5UT0NQUk0tM2ZoX0RzNnJLM3htbGRFMlE1YkFBRGJlZGRKVDIwRGlMd2ViTXZTdmd3TmFDaVFlci1CcjVRNS1hNEY2OTlWOVhtSnd3ekNOdkZuSGpJaEhCQ2phOUxjZEFOdTlqYXZhNmZ4ZnNkMWQwalZjZXJLQQ?oc=5,
InsuranceDekho,https://insurtechdaily.io/company/insurancedekho/,70,70,USD,,"Beams Fintech Fund, Mitsubishi UFJ and BNP Paribas Cardif",2025-03-11,MarcaMoney,https://news.google.com/rss/articles/CBMiwgFBVV95cUxPUjFpQmN4dU96WnlNSDF4NjhmOG84MFFscFZ5NkFBNnZudUJtMUJhbFJBdnpjSjVmQm1OMkdSbmZxNV9yM3VlTGo4R3VBUFVKWXNISzdGRWM1VzNQZDZIRzlQckxmRHJOa1hBejdYc1VJdWZiUU1SQ3lxcm04MWt0aWktRU9uR2hfTUdDcWlNR3NhamE3QlJHdXdRdmswUWdPdDhBakFVY1V0ZlF4aHl4Q3lYVWdnWGgzdkotMHNRamFYZw?oc=5,Entrackr; Moneycontrol.com; The Economic Times; YourStory.com; Business Standard
Klaim,https://insurtechdaily.io/company/klaim/,26,26,USD,Series A,,2025-03-11,MENAbytes,https://news.google.com/rss/articles/CBMiU0FVX3lxTE9ZSW1UcVBNZDdOWWF1bDdtMmdWY3libS1OR3I1VkwxRW9ZdnF2MWpKN2xpSFJFSlFJb0ZPbzVGU19JSUo2TjhlNzJlREVKeURFWDlJ0gFYQVVfeXFMUHdfSno0U3RZejZqNnEzM2VJcXZSek1HbHBLVVN2MGJVOTJVLWJUU2h6U2VfUTBwNFI5bHdFa2VZZ01RZk5nbjVIWkVsMldTYnVqVkdrbnBGYQ?oc=5,
Nirvana,https://insurtechdaily.io/company/nirvana/,80,80,USD,Series C,,2025-03-10,TechCrunch,https://news.google.com/rss/articles/CBMiuAFBVV95cUxPZ2FkZjMtU3lLaU56a3dfSTg1NUFqX0pTSHFPMFJ2cFZCc1B2Tm8zNTRkc3ppLVJObjd1X0RkQVhnd05sS2VGMmEySTlESWluNkNnMWhBSHFhUmhuY0MyV0lXazdfWmZZUHNmcGtCNXYxNURndUpCTF9IVWV5LTB6NFM2TkRrS2psOE84d1NkQTRMSEJTNDNaSkI2LXBRS1dhV2pMNnI2VExTanNIYlphM2JNWUpwYTFY?oc=5,PR Newswire
Outmarket AI,https://insurtechdaily.io/company/outmarket-ai/,4.7,4.7,USD,Seed,,2025-03-10,Pulse 2.0,https://news.google.com/rss/articles/CBMiqgFBVV95cUxPYVhaVHdSLWJwRnFTLTM1ZWZicUVBLWRNRWhlam5KSWFfRkQtSF8ySXJfLV9uME5neF9XaTJIZVRiQVllWHc4X2ttZkNkLU9TdGZSMWVKNXNGMGxjd2JJOUhWd2lvZkdRbF9XRWd6XzBwZEpPQ1dsUExIREd4RVEwZE1GaTlsVUk1YWlQTGxWd2drSWxNM1ZfWVpaU3lIQ3c0dW9uSXNScXNjZ9IBrwFBVV95cUxQUFJUeVJ4dkFLM0hkb3lkZGI0NHZxY3luMHB6T3Y1Qk5LUUdvc09tRnpXa1d3S3dSR0FzN1drel9zYjhHUVlPTmZKc2hXV2ZkNXg1RHdBeWluNU14Qy1uMjdrZTIxTTdHV0h4U3VpLU12NTZhWHZwb0FHdkdCdWNsQ2Jvd29RUld0aTVEcGNfU3dITHVJN3FYWU1yd05naTZQN1B4QW5uSWtJX25mUW1F?oc=5,
InsureVision,https://insurtechdaily.io/company/insurevision/,2.7,2.7,USD,,,2025-03-07,FinTech Global,https://news.google.com/rss/articles/CBMiwgFBVV95cUxPUHM3czRPeGpkWUJRUGxfQlRWWEtLRTY4ZEM5eHhyRFBlUzJVVVU1UXFXUFo0M1pqNHZSNktBUTBIR0FGZ0xhckFaeHpocl8zcFdOaUxwLWktVHg0bE5fRnVRY3ZhR2lsZGZhQjF4SkZwN3FSWFBzMFViRWFiN3MtSXlvWGtnWVdGbjZOSjRXdTQ0X25MY0poWVlQY3VueUtPRFVJZnIxZGdsZ0JCMXVWSEM5ai1ERDlJSDdDbEJsSDNtdw?oc=5,
CompScience,https://insurtechdaily.io/company/compscience/,27.6,27.6,USD,Series B,,2025-02-27,PR Newswire,https://news.google.com/rss/articles/CBMi2gFBVV95cUxORDRtdkt2elpQd2o4RHh6Umpya25TcERBbmQxMWFvcXM1b2oxaThjTnJnTmtfajcxWl96b1hMUHhRNTZKRVYtTU9VaUhRS3J1Q0dpeVFiOWFuUTBHMnp4bHplN1VHZmFlajIzWUdtUTN0UUhsaWFJX0pjb2VJbHNzWkJVVmVocHotWDdPNVg3Tjd4WFdqaF9HX3FXWVZhZy11alY4NXFONFZ6UW1TeDA5NUNhRnFaY3A2S1JxemI2c2hBTUF2ZHlfUnpKRnRGTlR3Y2xfakNheXg2QQ?oc=5,
,,15.24,12,GBP,,,2025-02-27,mercia.co.uk,https://news.google.com/rss/articles/CBMifEFVX3lxTFBpQkhxc1NzdGpDQlMzY1BlSThMb2d2SGJHSVlEQk1VZFZyWVVHa3ptUURXTEI1VUZ0TmtGcWVOX01NVElteW8xZ0RaV2NxSUYyY0hMY1pWVkRraTduRzdKN054QnFhREQ1azJvLTFKalI2ZXJOTHBFbk9fVTg?oc=5,
Adaptive Insurance,https://insurtechdaily.io/company/adaptive-insurance/,5,5,USD,Seed,Congruent Ventures,2025-02-26,Reinsurance News,https://news.google.com/rss/articles/CBMiowFBVV95cUxPUFBlVFU1a1FkR3VNdUdIdFNNVGFlQVNEd0dVajhhVlpfb3hna0RpOWRLUFRMSWpTYkZyU1EtaUpTdmg5NnBPN3puZ2VFbkFTSVlRTWp5SHVFYVRZclpQTkxCUHcwRllWUTc2S0RaaDBienVJZnkzZS1sck4xNWFic21TTXhSc1M2TmttQmhnb19HSUVpeDR1U3ZqUHJ5aU8wZVRn?oc=5,
Floodbase,https://insurtechdaily.io/company/floodbase/,5,5,USD,,,2025-02-26,Artemis.bm,https://news.google.com/rss/articles/CBMiqwFBVV95cUxPZ2hxSVdqaVJwcDg0MnpaSng5R0hhWDRlZXROTTdBUkJHdVpqdXd4SmY0bHIwMUZtMUxwc1lrVllLajM5bXNGZHJ4bzJpWmZNUHBWbTcyeWdTaGtzY2hzbG9lLWk0eVZtZnR2UDNvYm0xR1dmM2VwcnNsWXB5R3BIWnMzTHdFMnhzMFJWOHdWR3FmQVBuOWpIcjY1bllEdmRHSjhyYzE3SkN1Yzg?oc=5,
Camber,https://insurtechdaily.io/company/camber/,30,30,USD,Series B,Andreessen Horowitz,2025-02-26,Business Wire,https://news.google.com/rss/articles/CBMipgJBVV95cUxNQVVSTmNDMl8zWkhBbkU1YXhZSHM1Rkd2VGVtcjNOSFBmM1hDTGgtc2RwNWRWNHVtbGJhUmJ3eTdqRldOT1NRbUxCTkNJSjJCdWEweVR0NC1fdkQ0b1p2VlhvTjBaVVAyN0xfU2FLZ0lEOEtHUi1vakpqVGQ5a3ZRRDRGcFp2RWNsZEdZSl9YN2xkUjBMbV9uWFVnVnJDc2V4UTI4c0lZMFI1VXhIdW9iWWROdlNtdkhobTFQWHhWaE1fY1BHcmRIMVFUWUc4azRwT1BONC0zbzAyaFdpZXJaM1lPYXdnQk8xeEdQanBsdjljUVQ2MHQya1hnRjBzZHJDcm03VGljVmJOVDlZX2xvUExxTzF1NWdjSFNpNXFFRC1LTVQyV1E?oc=5,
Napo,https://insurtechdaily.io/company/napo/,15.552,14.4,EUR,,,2025-02-26,EU-Startups,https://news.google.com/rss/articles/CBMisAFBVV95cUxOSlZlODZpemZXOEN1am9jU0t0MFhzdEpuYjVFZXRPWmNBSGNCbERYc3ROVFZyY0tnUVNqa3lQS2t2Z3A2NU1ZRUc2OUVMUjRHNlUzMWk3NXNnV3lhcVptX083R2VuUUgzRngzRmhvODZ5c1dob1RjQURZeVZkMmpieHZ2ZjBKbGwybENfUTNlb2dJQmIxNGxhZnUtUFJ5STFJejJrUmFMWlJhR3NLWFVydQ?oc=5,
Vigil,https://insurtechdaily.io/company/vigil/,1.3,1.3,USD,,,2025-02-11,FinTech Global,https://news.google.com/rss/articles/CBMirAFBVV95cUxNZGQ2Qk5xa29hMVBINHdETzRkeFVYVGNFS1RCQmF4YmFpcWtqakFHUWxFRVJrN0J2X0NMNkFmVEJoN2RXcllHYzh3MWkwdlUyVTJMaHZ3MENXOGVKZUFBSFlDN2VmaDRRWFBUd2xBaHdVNWJ0bTRIeUJyUTJHa3ZKNHJsMHVMbzZicVUzdlJCTHR5TERaNmdXOTl4cUNSWWFjUGdVd3dtNFhGTmxC?oc=5,
Comulate,https://insurtechdaily.io/company/comulate/,20,20,USD,,,2025-02-11,TechCrunch,https://news.google.com/rss/articles/CBMi_wFBVV95cUxNaEFBcmJObDNIbnhENVVGbEFvRFVZY0l4LTJUVl9aWjVKZnBvS0FYYXBhaEgzNnFvd2EtcjBxRnJOTVpoVWZRZVBjcGZVN3VtVEhZYllhUEFqZmN0ZFJreFVZSk96S1ppaUpvQ1RwaHppeTJFcHRSeDdLVHh3a2N2QS1kZmpVTk5uZEJpckhJRTZqam9pTG0yX2ZSOXh1TTNiU1AyckFVaDF0TnYwSkFycm1ZU3lPX19qbENxbDRQSWNQQXRRM0hwaHFleTVvV0toOTB6NW5FUllEMzdsMHhsZGVSWEdNMUZ5RGtBS0pYaWltc3FkODVhMkZpdzNLNFk?oc=5,
UpCover,https://insurtechdaily.io/company/upcover/,11,11,USD,Series A,,2025-02-10,Startup Daily,https://news.google.com/rss/articles/CBMiqgFBVV95cUxQLWtLNzdIZ2tkaVlURlRLRDhpUkxGbHR5Qm1PMThiRUZteVJjS19DUVBOX29USjJyTFVxbFNSM3ptSEtaWTFuWmNYYkVfSmF4X0w1T3g4M2VWMzh2eVU3d2RWT1Z1VXN1M1NZYXFndnkxWVlYRzZnMzBhWVlSMHF2ME1WVF9RRFJkdWFveGdkcmxxY0lpbUJjQ2tqak9rTUNNZ3o2SHBXWnh3UQ?oc=5,Insurance Business
XILO,https://insurtechdaily.io/company/xilo/,7.2,7.2,USD,,,2025-02-04,FinTech Global,https://news.google.com/rss/articles/CBMisAFBVV95cUxNZlV6b2xqTVdINzd2c3I5NVQwUERNdjB5NEc2V2NVb3gxeWVzLXhzYWdoTkJ6OGlHM0FhamRwWjB1UHM0d29xNVV6OFdKcTR3aUJNWHFJb01yYzVrUEppQmtJVDBrcnZjMV83TTk2bUhGekQ3VGg3Znl1SVFVNWlKNEltZloyZmhsc1BWaG9FcUJ4SHdqNDRMWVh3djhNZXdYNjBJOFN6OGpvUlpkVUN4Ng?oc=5,
Openly,https://insurtechdaily.io/company/openly/,193,193,USD,,,2025-02-03,FinTech Global,https://news.google.com/rss/articles/CBMiogFBVV95cUxOTWNYSVNreG1tVmVJUmtGS0dpcmZWaThleS1OQjhWMFNnbXBSNTE5TDBZRTlQT25lamZmendRVVNXRnB6blZnWVVpcUU3SFVobmlmdHpxRHUwN25mSm5VenpmVXJZdjJoX05KTDlRZ2tTN0JNYWhFdllYMjBlQUZVUEJSdVBNOGEybmZIMTRJWks1cWZHbHNFcy1ialBfdkZjRmc?oc=5,
The Helper Bees,https://insurtechdaily.io/company/the-helper-bees/,35,35,USD,,,2025-01-29,FinTech Global,https://news.google.com/rss/articles/CBMirgFBVV95cUxOWFByclZBaFhkaU1KZElYcUp6eDlqcC10djRjWFFteG5aazF0RDFmS0x3WWduR3NYQ0ZmSXJlSTZWa3lrT0ZsNV9NM0VCNWEzcXZyOWVRaURsNTlDVXNjZWJ5eFNNbkVTZ2k5ay1jY3p0WE91ZU8zNHRhMjNEMTZfSmJqUURIQWZJdnotNU5XN0RxREJ0NVBJLXZzZHYzWGRGdU9xRXJIb2NFQ0tyUWc?oc=5,
Gaia,https://insurtechdaily.io/company/gaia/,14,14,USD,,,2025-01-28,FinTech Global,https://news.google.com/rss/articles/CBMinwFBVV95cUxNdU1Fc3MwRGd1U0ZvN19LSHlzaFVXSmdJTDVxVmd1Y0xhMEU4RkNYNlJzcTF6SDN1dllvU0FzTklFTnU3QXhYdHVZek13WWlxOS1WUHQ4TDZUUGhhcExJS3hRbVE0ZDhJR0xnb2VNaFVucnpIUmNaa2oyaDJncHNTbE9mdS1FMU5mRzIxd2J2VXRtRmJYYWNxUm1icE8zSjg?oc=5,
InsuranceDekho,https://insurtechdaily.io/company/insurancedekho/,14.5,14.5,USD,,,2025-01-28,VCCircle,https://news.google.com/rss/articles/CBMid0FVX3lxTE1YelhNNUIwM0E5NlA4Rm01MXlVVzBhNHJvZWxPX3BjWEtaWjU0REZwXzQ2ZUxUZ25TSW5VY2F4LXFUcmhPOWNzeVRPam1YSkk0bnd3ZWx6Y1pKUVlEUGZacV8yenBMZGFZb1BpQ0N6ZHcxNUR4WDR3?oc=5,
Naked,https://insurtechdaily.io/company/naked/,38,38,USD,Series B,,2025-01-27,Dabafinance,https://news.google.com/rss/articles/CBMioAFBVV95cUxNTHhIYnh1M1ltX2tKM1IyeTRDMU0yblFqUGlNWXdRTjBjNHhheFFPOFYyMFIxcnVoa1M2M0NHWDd5MzdlVmpONm9VVnFUM182blZSVnVORmhLYlZLZWcxS2pubnlDUUxaZEdDTUFBX0U4TlZTREVCR2pkYmd3dU1LdjFnN2ZhOGJaWEV6NkN5c3duQzUydnJ5VlV2V2lub3Bu?oc=5,waya.media; Tech Labari; Techpoint Africa; Moonstone Information Refinery; MyBroadband
Instabase,https://insurtechdaily.io/company/instabase/,100,100,USD,Series D,,2025-01-23,Beinsure,https://news.google.com/rss/articles/CBMiX0FVX3lxTE9YT01fUEhsNllTd251MWp6dUkyVEd5b0NtWUZqTHJXYnhveWFrbVpYWFBxMmFzN1VSeDVzMHRrRlFHSWFIVDJIc3ZnZF92aFhSak9kZWJKTGJPeEtYU1hr?oc=5,
Qumis,https://insurtechdaily.io/company/qumis/,2.2,2.2,USD,Pre-seed,,2025-01-21,GlobeNewswire,https://news.google.com/rss/articles/CBMi7gFBVV95cUxOQjJSaF80eHRJQi1aenhPRTBDOHlDcVJ3c3RicU1SMVpzcUNMYkNWM2QzTUg0MjZxNEI1T2tZcFVtbEh1dmc5aV9CYk4zcWQ2M3M2bThPMTVCdl9tQ1JnYmZmeWlDUGdFZTVkVTdlVGVnd3U4Qy10ejVjckM3elFhWXhCTy1xMUZETVNXbENiQm9laFBlb0hUZ1dJWl9XRHVfVjFqNm9SaXhYQ1JVQXdwWEZWOHdybE8xYldLUWtkRlNQWGZpUFBHa1l1S0I4U1JXOFNRa2l5dDEzdzlsYlk5S19DaTc4a0xTb1hseEFn?oc=5,PR Newswire
Overhaul,https://insurtechdaily.io/company/overhaul/,55,55,USD,,,2025-01-16,Beinsure,https://news.google.com/rss/articles/CBMiXEFVX3lxTE1hQ3dUZlNJU3JEZFVPNzhia0N4RmxqbVh3WFpIZDNja3RyTFFpNWJKT2NTOHc3NU9yRlpycVNWOXhueU5LaTNoQnFMY3FlQ2dsc2NKSlIyaEsyVnBC?oc=5,
Rainbow,https://insurtechdaily.io/company/rainbow/,8,8,USD,Series A,,2025-01-16,FinTech Global,https://news.google.com/rss/articles/CBMingFBVV95cUxPYXJpWGoyVEl0OWlMZkt6U1BmcDlUaU10VVcwcGJmWTRJajlfVlQ1LXhJUFk2TW55bzVHT1RqZWRVRElOUVBGWUFXLTh1QkliN1gxVDZocEhLcHUzakNVX19NeFZpbGdib2hRVkFvRFhQQXVXMkhjRXJyTjdpSDdyNGZFaS1rRVluZTJQbE5ub2RZNXZpSzVCU3RyNUJDQQ?oc=5,Business Wire
Themis,https://insurtechdaily.io/company/themis/,9.208,7.25,GBP,,,2024-12-11,FF News,https://news.google.com/rss/articles/CBMixAFBVV95cUxOU0ZFQnprcllSTkFhQXhweEcySHJmeTJCM2NmZHMwNHR6U1RhV0Q1LWFjdTYwQ2xrc3ZGYURvcEtpRmhCbFh3ckh6STZSVnMyUVAzWlg0dXQ5VVdWU0l4MGROT3R1UEZCQ3VySGMxcDYydVB1Z0RmYi1rTkw4a21hYXdzUDZpcVlGN1A1QVVFaklCOXdWTnFmZ2lLR1U2RXExcFcxOXZEM0FId2lybnA4WVNwcUFMaE5zMWFNWlJPMVZGb1B0?oc=5,
Sola,https://insurtechdaily.io/company/sola/,3.7,3.7,USD,Seed,,2024-12-06,Reinsurance News,https://news.google.com/rss/articles/CBMirgFBVV95cUxPaFJrUURLb3VUR3BJWTRJU1hlSXIweGRVRG5RRDE4ZVAxN251Z2hyYm9tUThZOXJaZTBoYnpkV0VNRlc1aFBmaUpYS2F2Slk1cnAxeDdJY0FqVWd3dVhReHdvWmtvSUhoVmp3MTlUX0cwamtHcmFudFpBTWNBNU5fMDBmTFh3U0ZuRkFMOUdDUExkZnNORkdIMmZ5T2hJakJUcS1xS3NJRFh4TlM4OWc?oc=5,PR Newswire
By Jove,,4.572,3.6,GBP,,,2024-11-29,Sky News,https://news.google.com/rss/articles/CBMilwFBVV95cUxOdFFQWndTQ2gyRGZEZGxWc0VRLWlOcGFQZXFJZ1RBQ2REeUFDeS1OY1phU25NdV85SHpzWXdmSURjRTRxd203VEIwSk1sSldISVp2ZV8yalM2eEcwUUpaUHNNenpsM18xVkwxUHB6UHdEMHJiTC1rdnRlQm1qUkVwTXNjSHdnRWl2SzJUTnNYSU9sVlNfZ2o4?oc=5,
Poncho,https://insurtechdaily.io/company/poncho/,0.616,0.55,CHF,,,2024-11-27,Startupticker.ch,https://news.google.com/rss/articles/CBMiqwFBVV95cUxQT1BrNjBOZXJCdzdiZWFoazdGM0xSdkZfdU02TnhnY0JHOUFxcEJHbWhKR1Jla3pZZGJxZFJZQUxQUXRqaVJ6UmtCM3Z4aHhLeDQ1MG55VWdfMnpSQndyM1RhWFRVVjhrd192M0ZfVmRpblhmc25kSDRfdG1VcTlldnhTVEJ6Zm90VGpoZ1EwWm92MEY1c2diUEFUTTVwNkw1WjVJMERUUWxHU2c?oc=5,
Zopper,https://insurtechdaily.io/company/zopper/,25,25,USD,Series D,"Elevation Capital, Dharana Capital",2024-11-21,The Economic Times,https://news.google.com/rss/articles/CBMi7wFBVV95cUxPTy1PSE1vTWpLdjJFN2VMMmtvazVTY2pfQWQ0RkJHXzVkdlphX2Z5UElCMnZ0VnhmT2JENlRvaGRHZVdsYXAxSGIzeGxNejR2TWFiZXQ5djA5SUs0cC01eFVQUWVSWlRtdW1QV21taVo2M3hqYnRWcVpkRFhmTlZzNTlkOC1yRjA3MHFLWDNCdkNObWRETzk5MUhmdkZBTWNCNzdwTlpKZmtMT0hFNlQ4aTdQYXBhZGxtNW5xSDFpUHg2ZWtwbklTNnVrVnJ3S01uNHgwaUlQRWlVSWttUDI0S2tTU1RaY2ZoaFkxR0JsUdIB9AFBVV95cUxOM2FKQ2wwWG5udExtOVJFNzRndnZjT3hmTVd3MHNRcGt3ZG1DUVNpUWo3SzJjYzZXcE9MRmxFLXBzS0x5c0FUTS1Ua3ZWUEpwTWdKUjd6eGdYOXlDSFJFRmM5Q2RRbWI1eGEya3d3dFRscHMyMDY5LXdqLTQ5QnVRRTZtSFJaR0lHWEZSOW84eGk5NVZGZDhlQ0xhLTVtaUJxNV9vZ3Nib1RZME16ZWEyMHBIVkw3M0QxV3FwQVQ1UmJ1c3JJTXRnSWpqUWVzR1hJZ01MNnRpbVlRWmJYbl9seEswZ182SlRNZThCTDRnRkJmTWxf?oc=5,Insurance Business; AI Insider; Business Standard; Entrackr; Moneycontrol.com; Indian Startup News
Delos Insurance Solutions,,9,9,USD,,,2024-11-01,Reinsurance News,https://news.google.com/rss/articles/CBMipAFBVV95cUxPcXBJSnNtXzJ1VnJfUHpHdlRhbVo5WFRUY3lnWVpCNWVCNERqRGZNd3BTMGl4VUpKaHZiN1U5dEZDVHk1MEc4TGNQWUx3aUowV0Y1UVU2dzk2bHZEQVFTZFJTTElrUjkwN0xzYXZGRUpoTFZDZmxILTNQU0I1eXYzYlcxVC1XWmpNcG4zVmdaVXluTDBCeUhCSk1Ca2JnRUdsaXk4UA?oc=5,
Delos Insurance Solutions,,9,9,USD,,,2024-10-31,PR Newswire,https://news.google.com/rss/articles/CBMirAFBVV95cUxQSjhlR0lrX2F4R0pMbjdqUi1WWkRiVHZmcUlBNmlBaFl3cWlpaDJOU2xfeXZnTHBIRVJWRzZhOEotd0pNY0tMRUItZXJmVW9YMElpcUpEQ3lxQTJTNmY5dmxmQTFqMm5JZkstYnFUUFAzYVV5YVI2X1dBUTQ2Sm5oWjJucmstZk1hZW9FQzlVQ2hSNG84VmlvZEpQeFRsSlAwb1F3dENxS2YyNThO?oc=5,
Agentech,https://insurtechdaily.io/company/agentech/,3,3,USD,,,2024-10-22,Business Wire,https://news.google.com/rss/articles/CBMi3gFBVV95cUxPUlRQQjQ4OW02cXludldhOUpUMUUzUlRwYk5tV2xpNkRxYlNsejhUUXJQejdmeXJ1bXd3bjh3WkJrWk9qV0tLemdDWHpzYzYyQnREaGo4WW5EX3RYRmY4YVBrOGxuX3BVWko1X0QyQkFPMlJ4YVIteVlIQTQ1N1dybFBXYXpROVJ1SDBSclV1TjBsUWtDS2JUeUVNUGVxclRiS2ZYWmdNZHY5ajZOZXQ3bmRncGV5eFFpczJFc2xzTWJQSzdSd3dRLXpmanBtVXBzRDN0X1hmN1JlNlEwVGc?oc=5,FinTech Global
INSHUR,https://insurtechdaily.io/company/inshur/,19,19,USD,,,2024-10-17,Yahoo,https://news.google.com/rss/articles/CBMiigFBVV95cUxNQW9jbUNqTDBZSHVBWlo3VWZsWTR4TzQ2R21hWnhmMk5JTzdULU15bjFiMllTWWpJUmY1SV9Nd0RCQ3hlMGhZN04xaHlRNkZXMmo4SzFzYnRzSENTM29QWDZLZ1NPOGNzZ1I5S1BLODhHSFpNU2xjRzdXaEJ1Z1JsTk1XYU1XS1l2WEE?oc=5,
Diesta,https://insurtechdaily.io/company/diesta/,3.8,3.8,USD,Seed,,2024-10-16,Tech.eu,https://news.google.com/rss/articles/CBMib0FVX3lxTE1XOElMQ3F3UTU5WW5VNzZhamYwSmZuSTJzaFhVRi1yd0syQ0lFUGVEbEtZSjg2WlRNSHpoQTNzVmVnNTJlMno4WHBxTUZmYlBaV3pMeTJsNGdiaVJtbnNMU2U4NnVhS2E5aTFDYnozSQ?oc=5,FinTech Global; EU-Startups; Silicon Canals
Stoïk,https://insurtechdaily.io/company/sto-k/,27,27,USD,Series B,,2024-10-15,FinTech Global,https://news.google.com/rss/articles/CBMirgFBVV95cUxNT0NLRjdYZW9iRTk4c0RNVkhZaVY3ZHk4UUNFR3BJTFVNWEc2NFMtS2laTzNydkQ4cXpSTTg5M0dpdE1KQWVqUllTTUI5VHlWVjY3UHpWVjNMRFlPNmNBREJHQXNyRnZWM1JJcUZjOTJGZjEwa1ZNS1NNdFRjSTF5ZVVSYjRzRzJYSkhvdGhsbXVyYi1ULXI2a2p2RXZfU2dQRE5rM1VncnQza2NFN2c?oc=5,TechCrunch
Stream Claims,https://insurtechdaily.io/company/stream-claims/,5.3,5.3,USD,Seed,Spark Capital,2024-10-11,FinTech Global,https://news.google.com/rss/articles/CBMiswFBVV95cUxNaFJiZmp4d205Q2VOaGN0NVdtSEd1ZE9TaGZJZnZJM3pVbHBOZi0zcjNjYjhJQlBfWHA0bHJ6MTMzWFRTeFlOanViRlQxOHRhdmtuaElublIzM2F6NU1xMi13Z1hkeTAyTTlhMF93aUFkVUFrS0g4azJIOE03ZWVIYWRFTHFrcEYtSjBVR19VVl90dHFOaDhMNlQ5S2ZkWGwtd1Z5S0JpVmhLdWgwN29PNUotOA?oc=5,
ClaimSorted,https://insurtechdaily.io/company/claimsorted/,3,3,USD,,,2024-10-11,Tech.eu,https://news.google.com/rss/articles/CBMikgFBVV95cUxPdmF5cXBsSmE4aHQ0NG4zdEZkaldDZ3RYNG5Tam56bFNpYkNiakhEV2lQMnBza2RYYW5uMW9CMHloUS11YUNDcjE2cnZqMWhVSzN1YWdmbzlIUWR2NHZjcUNaRnRXck5GSUNMTXRvcDlaYmZ2LUNiRFJUZE1rNTNuQmdHUjFxYk1WWExGVWZSQVJ2Zw?oc=5,
Ledgebrook,https://insurtechdaily.io/company/ledgebrook/,17,17,USD,Series B,,2024-10-09,FinTech Global,https://news.google.com/rss/articles/CBMipAFBVV95cUxOUTVQWW5Da2lXUUVZc1V2YnQ2MDktTVBodGpIXzdibFpJaGtwQ2VreHp2aTVaaTlUb05HSklvRDRHMmdPUmNMN2tlaGEwRkVxY1BSVUNIV0lPNmJLSUJzeXRiWENWU1RuS2ZEME1vclc3X3hEVTd6ckZKTEhYSndTWjR4dHcxakFjZC1XWWlhOW5vd1ZxMjFFS0hwaDdBXzBlVEo3Zw?oc=5,FinTech Global
Qantev,https://insurtechdaily.io/company/qantev/,32.4,30,EUR,,,2024-10-09,TechCrunch,https://news.google.com/rss/articles/CBMiwwFBVV95cUxNeEhuaUpsSUNHYm0wc1lHalRtMjRjeWRJSnd4WlRsUmxlNHlYZ0NmU3hMZi1sODNRckpIT0o3NnRERHMyUGg3bkZvMkZVODZIZXRPWk9QRlRYdTM3aGtCc1FvR3YtbjdWYW0zbk1DN091QUhTcmZXc2FudDVpbkQ0UGt4LVpjblNaeGxMaGhqM3dzbWJ3Vy1vS3hpeTl1eVFVa0t0VXpMR2tpQ2FKMFVzeThZUGtpbzk1Z21jUEM2OXNyVUU?oc=5,
Flora Fertility,https://insurtechdaily.io/company/flora-fertility/,1.095,1.5,CAD,,,2024-10-08,BetaKit,https://news.google.com/rss/articles/CBMivAFBVV95cUxPY0NxQmdtTUJLdVEyVjV6MlVFWXh4STJxWGtybmVPdGIydWtXcnhGT0VfVHZXamkxOUxvcTM5TldrMTZiU3h5QzBiZGd6SVFiVTQ3Zld3NmxfR0hwSHkwenlTS1dnbUtvblJRSm9JaHplNFR3bk9mRDJIb0xzZ1B2c2ZRbURjRHlJWEJTQXZVcFQwVS1zbjRrbWdmbWF0UzVSUXFjOTVXWlllSDBkTnp5VjF2NW0yc2dvMlhHSA?oc=5,
OUCH!,https://insurtechdaily.io/company/ouch/,1.2,1.2,USD,,,2024-10-08,BackScoop,https://news.google.com/rss/articles/CBMijwFBVV95cUxPMmNfTVEybXVnY08wb3ZJbVRyejdSbGZQbXp1aFdBLWYyNkhSVm1JZE5tRmMwb2dTdkhMcHNrME9qemtWeGJrOXJIN1pCUzFDSE5QTlUyRzlOZTV4eFdBVGpZWVB0VkdLZkVGMGZmbWtCY09yUDRXY2dyQk8zX1RjUkFtNkRjenUwdHplNXlSSQ?oc=5,
Rey,https://insurtechdaily.io/company/rey/,3.5,3.5,USD,,,2024-09-30,Jakarta Globe,https://news.google.com/rss/articles/CBMinAFBVV95cUxOaTd0Zi1HQ1VKN1VDaUphVy10Rk5zZGZ4anBDSzVyZ3l5ZC1iRmZlc2N6dUJ4and6ckRMS2pQUDNMOEo1WXo3Y3JHQXkyZnJrRGF3WURtUmZtcXdZS2RscTJYYllsUmtva2l5WDlqeUNWY0JBY3FickNTVENGWm1zekxIRE1YNzktLTQtVTBHT29YbVRrb3NTc0haeXI?oc=5,
arqu,https://insurtechdaily.io/company/arqu/,10,10,USD,Series A,,2024-09-23,Business Wire,https://news.google.com/rss/articles/CBMi4gFBVV95cUxPMXBDblZSaV9JNno4Qk5XaHp6d3BMN0lHUmFzZ0VlUW0tX09uUUVaT0xPMVhMcDRQTnBmbVVJV2VBUDRvZ1dHX1R5eHJZdWdIelQzWHlvUzVlNERBV2ZHcUxCbGFoT2ZDWkt6SEJxRlVueDBVMUZRLUlpUkE3bnl6eG9reGVwM0c0akdWLVJjbWJOVENwMGNCNnBoLUhfMk90cjVBc3RiQTRjWGE1VC1BS2tzelJIeDNaX2FoTnlpVXlwSG4yTUZtUmZEb0JFNlpTVnVEVDBkQXVtYUptMTJEeG9B?oc=5,
Tuio,https://insurtechdaily.io/company/tuio/,16.2,15,EUR,,,2024-09-20,Capital Riesgo,https://news.google.com/rss/articles/CBMiwAFBVV95cUxPMk4yTS1KR0tMdHRoQndSZlhGNEtYLUxPcFc3MndkR25BRGJNcE1UZUFqNE9kcGw4ZGNXRXJlSURQYTY1VVJEUEtGSE5jQjlwV3VqZGdTMHFLMHZ3eERROUFDRG5WLUttYi1CRUtjLS1BcEF2RDZXdUY4Tzh1d0hwcUJ4dTVOb0NTQWtLSXdXamNxMGlQb2V5d1dKM0YyMDVBRVpJR2pjM3MtWFhlcm10eGt5dTBDNFdPQWZfcjVnd2s?oc=5,
Alan,https://insurtechdaily.io/company/alan/,193,193,USD,,,2024-09-20,TechCrunch,https://news.google.com/rss/articles/CBMitwFBVV95cUxOaDlYR1BxYWZHVTJXbHdNM1BUdkNFeGo5azRrUURGd1BwR0lhZU1FTFlLTTd4eE5yQ2NsdUhqVFg4Ym1Zb21tSHB3VDgydVdoQVZ4VTF6dDhEeW9YbE41RXlpM1lvLXNYODF4d0xlVzVRZV9LN3JZeGJHRVRfbGVzYmQ4ZWlYaEJLYzFSQ1JzMUVVYjRoMEc2TG1VRjVFU2ZZMF94NGRLa2JoSGtSWVhlWW5QZHJGeU0?oc=5,
Koltin,https://insurtechdaily.io/company/koltin/,7.3,7.3,USD,Series A,,2024-09-19,Mexico Business News,https://news.google.com/rss/articles/CBMingFBVV95cUxQRGR2RzB4ZkxSVUVYc3o2QnQtOF9FekZQNnZTU3BhZ3pUUmhwWmZNZnZmUFEzM1V0c2JYRzY5VjY0V0V6OUZDLW9McFMxbTU3UHlqYXdnQ3l1RmJmTzZmWnZwVnBKcEFNSm83RVV6eWdGcFF6REhTRkZWNmEtaWhleVIxbnJNNUk3M21ndzAtZGV0M29JaW5FejBkN0NWUQ?oc=5,FinTech Global
Roots Automation,https://insurtechdaily.io/company/roots-automation/,22.2,22.2,USD,,,2024-09-17,PR Newswire,https://news.google.com/rss/articles/CBMi-wFBVV95cUxOWS1kQ3Atdk9FQnVoeVdGSWh2eFRaUW5vaGJ4U3lJWVNPM3NpQTZrYjFRWF9BdUdOc1ZvTDRXY19ZUmkyU2lNZDJSUGtIUUxuRWg3Y05pRzRNdl9iczdjVXFjVm5LS1VfZVZPTWtiM0tXb1pCQWprcml5MEtFT0dRcUVTQjVzSV9uV3RkUDFBS3oyV1JrZWJiLXQzbHg3YmU0X0JMbEpEV2JKc3ZpUFRKTDZQUXo0eU9oYkxVa2VQa0hRVV9udnFwaHNEOVpKbDQxM2hYSXpvb0cxdXZJa2FnaW9uTWpkSUxhYm1qT0tKSjJNNTF5YjhxblQ4Yw?oc=5,
Onsurity,https://insurtechdaily.io/company/onsurity/,45,45,USD,Series B,Creaegis,2024-09-16,VCCircle,https://news.google.com/rss/articles/CBMiiAFBVV95cUxQZ1YxdE5RV2RkTGNrTHhuY1FoY200LW53MmxNRFRGYTVHYUM2NzgwZy0yVVUzMlJLMmQtaDdzU0hZT0FLUVluWWp0aEx2NjlzSkNQVTRKeWotU08yZGZmMHE4SVc5MHRDWnBUMHNGSE9ta0VpOTRwanRUdGJ4eXJhUGhpZUxBRG1U?oc=5,YourStory.com
Nirvana Health,https://insurtechdaily.io/company/nirvana-health/,24.2,24.2,USD,Series A,,2024-09-13,PYMNTS.com,https://news.google.com/rss/articles/CBMiyAFBVV95cUxPMlc5b09ZWnhBN19oWmVKZEtfS0sydW5HOGZKa3RkZDFoYkVhaEtTNXJsZjZKNV9YaktnTmhjU0xBUFZRZDJiUmpmQmwxWTNIc3k1TVlwVXFWbGxZNHNZQ2pOcTZxOTR1UEFJVzRFamlYbHQ2WjAtbVgtY2hzcUYxVUhfbGFueWE1VGNCUGJOSWpZclZIQzJEYThJVXV5NGhHY1pYb29Ib2pPa1lxSkc5emhkcy1YM21hZ0hGelZNVTlIcU1ZOGYzSQ?oc=5,Business Wire
Neat,https://insurtechdaily.io/company/neat/,55,55,USD,,,2024-09-11,The Digital Banker,https://news.google.com/rss/articles/CBMioAFBVV95cUxOTmxyTExGdjgzVnhYcFlRLV9WWTlGdFJ1OVRRNmxwVUdHWnVPUmpoUkY0ZlhVd29XdGZyUU9mdUtxTk9GaEhYNGJqeUg1QW5kWDRyOUt6bkRBRl9XT2x5Y3RlY1Q4SExuWDd1NXRqdjUwUjRBaExxcjVYb0oxT1lWTmh1NzdiRUNCVlBCTlBqbzZmcWpPZ2RUQkY4UmVMd0VC?oc=5,TechCrunch
InsurancePadosi,https://insurtechdaily.io/company/insurancepadosi/,0.5,0.5,USD,,Antler,2024-08-27,Entrackr,https://news.google.com/rss/articles/CBMifEFVX3lxTE9TZG1QemlOYmZldl9fcFN3cnctS05tanUtclZwN0cybW9YNEdFaXFadW1DWXNnX2YtUTJ1b21QbjZwOUxHOWtEU1BRMEQ3b2RibFZDUXR2Mlp5eHNUZ3R3S3RhUnVVSE1DdHYtTVpyNHN2RGxZcE9Ua3AwRVDSAXxBVV95cUxPU2RtUHppTmJmZXZfX3BTd3J3LUtObWp1LXJWcDdHMm1vWDRHRWlxWnVtQ1lzZ19mLVEydW9tUG42cDlMRzlrRFNQUTBEN29kYmxWQ1F0djJaeXhzVGd0d0t0YVJ1VUhNQ3R2LU1acjRzdkRsWXBPVGtwMEVQ?oc=5,ANI News
YouSet,https://insurtechdaily.io/company/youset/,2.555,3.5,CAD,Seed,,2024-08-20,BetaKit,https://news.google.com/rss/articles/CBMihgFBVV95cUxQVVM0YU9VWFRRM2ZmR2ZhRi1HbkJqbjcydVpsZlBTWnJadHlKZDBBdmFtOVZKeW5yMDlVVzBDbUo1MlRkamsxckVROVBHZmR3dzFxUDFOazlFcGlMOVhOa01uSGkyLVk4RlF1cWdSNldmeW1TczdOU0gwRU82NUl6S3BCY0JDQQ?oc=5,
QuickFacts,https://insurtechdaily.io/company/quickfacts/,2,2,USD,,,2024-08-16,BetaKit,https://news.google.com/rss/articles/CBMiswFBVV95cUxQZld3SjBKY3JfSm9jcG5QNEJOeHB3UDFEQTg0MjFXbGRDN0s1cHpHTmhJQnFnVXR1a1Y1bWJTNnhObnJQa0tzTTRYVFpBakt5T0VIckZXM2JjeUtLM2ZoWDg5djZUdnhKSHdCSFNrSzhtUDdTSkFSQURqckhBemtkY2dvRmNpaVFaUFE0a0lLMHNRNFNHQ0lDYkNaeHVyVHpETXYwenN5MF85SlY0cTNXV1RMVQ?oc=5,
Companion Protect,https://insurtechdaily.io/company/companion-protect/,20.25,20.25,USD,,,2024-08-14,FinTech Global,https://news.google.com/rss/articles/CBMirgFBVV95cUxNYkIyRkZLZlJXanFuOEhwSnVSOFp3OHdPaEdyOUVnQ1VUUjRwRWJlQWtPaXh3UnhqR0dpWnN3Q2hzLTZxRGVEdUhhbDdlVEpYek9LekkzUjBZbFR4dGIyWHFMSHRxVmhGYjZJV3liVFg0eFQyNnZ2c2Uzb0FpUnpBUzhjRy1NNXNxdFRmVXZMTTlzTGZSTWZiQS1ETzlKZVZlME10RFlxZklTQU41b3c?oc=5,
Walnut,https://insurtechdaily.io/company/walnut/,4.6,4.6,USD,,,2024-08-08,BetaKit,https://news.google.com/rss/articles/CBMitwFBVV95cUxPZU1HR0tkS19zWEhzU1ZneXZIclRVY1E3Z2pkc2JJaExxSmx5T1cwTGFDS3ZfcXQ1aUVBYkEyRjNZOFpRMkRJb3l0cUhuQTRYbEJGUldoTVdBZC1sdGlHb09qRC1XUE5JYjNGcDNUNHFwZzJ3eU9DYnlKOXBGelRla0JlU3FqQjdVaUR0dWVRMG1xN0tTQjRvN1ctc0wtS2VfZzZ3LWVGUTJTYzlXZEVoQWcxYWFmOGM?oc=5,Business Wire
