acquirer,acquirer_url,target,target_url,seller,deal_type,price_disclosed,amount_usd_millions,amount_reported_millions,reported_currency,announced,source,source_url,also_reported_by
Cleversoft,https://insurtechdaily.io/company/cleversoft/,FS Assist,https://insurtechdaily.io/company/fs-assist/,,Acquisition,no,,,,2026-08-11,Finextra,https://www.finextra.com/pressarticle/110616/cleversoft-to-buy-fs-assist-to-expand-insurance-reporting-footprint?utm_medium=rssfinextra&utm_source=finextrafeed,
FM,https://insurtechdaily.io/company/fm/,FortressFire,https://insurtechdaily.io/company/fortressfire/,,Acquisition,no,,,,2026-08-11,Insurance Business,https://www.insurancebusinessmag.com/us/news/mergers-acquisitions/fm-bets-on-structurelevel-wildfire-science-with-fortressfire-acquisition-585693.aspx,Reinsurance News
Marsh McLennan Agency,https://insurtechdaily.io/company/marsh-mclennan-agency/,Accel,https://insurtechdaily.io/company/accel/,,Acquisition,no,,,,2026-08-11,Insurtech Insights,https://www.insurtechinsights.com/marsh-mclennan-agency-to-acquire-accel-holdings/,
Westland Insurance,https://insurtechdaily.io/company/westland-insurance/,Interior Savings Insurance,https://insurtechdaily.io/company/interior-savings-insurance/,,Acquisition,no,,,,2026-08-10,Coverager,https://coverager.com/westland-insurance-acquires-interior-savings-insurance/,
Cover Genius,https://insurtechdaily.io/company/cover-genius/,Friendsurance,https://insurtechdaily.io/company/friendsurance/,,Acquisition,no,,,,2026-08-09,Crowdfund Insider,https://news.google.com/rss/articles/CBMiowFBVV95cUxQazBMVTRtMlpPNU13czlPUVYyb3Fwc21weS1mVkxqTnJieExZTWd6S1JKeURPZ3ZDMVA0d0JxeGFzQnBSSEh0ZFFlNE1vSGh6VE1RYVBjNEluSXN5bzYyWGFBZ3pyT3g0M2NzQkhKdWlDc0ozeUlQSmVjNlgxWjBJZjJyVXpqQ2JjMXViYnprZnBqT1VpeFYxUUhUVklBWWhvQjI4?oc=5,Beinsure; Reinsurance News; itij.com; citybiz; theinsurer.com; 01net; Insurance Business UK; Yahoo Finance Singapore
Inszone Insurance Services,https://insurtechdaily.io/company/inszone-insurance-services/,Radwick & Lightle,,,Acquisition,no,,,,2026-08-08,Coverager,https://coverager.com/inszone-acquires-washington-employee-benefits-agency-radwick-lightle/,
AXA XL,https://insurtechdaily.io/company/axa-xl/,S-RM,https://insurtechdaily.io/company/s-rm/,,Acquisition,no,,,,2026-08-07,Insurtech Insights,https://www.insurtechinsights.com/axa-xl-to-acquire-remaining-stake-in-cyber-security-consultancy-s-rm/,
Gallagher,https://insurtechdaily.io/company/gallagher/,APOLLO,https://insurtechdaily.io/company/apollo/,,Acquisition,no,,,,2026-08-06,Dealroom,https://news.google.com/rss/articles/CBMihgFBVV95cUxObGpiS0xUQ0EwLTJJX3o3TGpBZkZDa3lYcWxsS3FGM21WbkVySFUydE5LUEthWW5mTUZBWk4yZ2ZEQ0lPa3NFbElvZmpPdmhPN1M5dVJZRF9QM2o1eERfNWFacXFXanNfR3ZGeHFOVXhGZmgzUHl3blZKSHlNcjd1TWZlaHlHZw?oc=5,Insurance Journal; Insurance Business; Coverager; Beinsure; PR Newswire
Fairfax,https://insurtechdaily.io/company/fairfax/,Everest's Mexico insurance operations,,Everest,Asset purchase,no,,,,2026-08-06,Coverager,https://coverager.com/everest-to-sell-mexico-insurance-operations-to-fairfax/,Insurtech Insights
Federated Insurance,https://insurtechdaily.io/company/federated-insurance/,HDVI,https://insurtechdaily.io/company/hdvi/,,Acquisition,no,,,,2026-08-06,Insurance Journal,https://www.insurancejournal.com/news/midwest/2026/08/06/880597.htm,theinsurer.com; citybiz; Coverager
American Growth Insurance,https://insurtechdaily.io/company/american-growth-insurance/,Heller-Kowitz,https://insurtechdaily.io/company/heller-kowitz/,,Acquisition,no,,,,2026-08-06,Reinsurance News,https://www.reinsurancene.ws/agi-acquires-heller-kowitz-insurance-advisors/,Insurance Journal
AXIS Capital,https://insurtechdaily.io/company/axis-capital/,DUAL North America's Excess Liability business,,,Asset purchase,no,,,,2026-08-06,Reinsurance News,https://www.reinsurancene.ws/axis-to-acquire-renewal-rights-to-dual-north-americas-excess-liability-business/,
Zurich,https://insurtechdaily.io/company/zurich/,Beazley,https://insurtechdaily.io/company/beazley/,,Acquisition,no,,,,2026-08-06,Insurance Business UK,https://www.insurancebusinessmag.com/uk/news/breaking-news/zurich-posts-3-5bn-net-income-in-h1-2026-as-beazley-acquisition-moves-to-final-straight-585150.aspx,
Inszone Insurance Services,https://insurtechdaily.io/company/inszone-insurance-services/,Chelf Insurance Group,https://insurtechdaily.io/company/chelf-insurance-group/,,Acquisition,no,,,,2026-08-05,Insurance Journal,https://www.insurancejournal.com/news/southcentral/2026/08/05/880401.htm,Insurance Business
The Hartford,https://insurtechdaily.io/company/the-hartford/,Equitable's Employee Benefits business,,Equitable,Asset purchase,no,,,,2026-08-05,Insurance Journal,https://www.insurancejournal.com/news/national/2026/08/05/880356.htm,Carrier Management
Trucordia,https://insurtechdaily.io/company/trucordia/,Shipley & Pease Insurance,https://insurtechdaily.io/company/shipley-and-pease-insurance/,,Acquisition,no,,,,2026-08-04,Coverager,https://coverager.com/trucordia-acquires-shipley-pease-insurance/,
Radian,https://insurtechdaily.io/company/radian/,Inigo,https://insurtechdaily.io/company/inigo/,,Acquisition,yes,1700,1700,USD,2026-08-04,FinTech Global,https://news.google.com/rss/articles/CBMinAFBVV95cUxQNW4wNFZwbl80eG5yRThDY1IwOHhqTkhxNUh4MW1MSkxVdmY0TWJiSXhJSHRacVVNb3JzbV9QdTJXakx0M1Rqc1FjMVlGdERJOUpUamVsRUFNYXdXRUZzbDhOUGFLbjQ2ZHJ4VkVsTkxYM2d3RFNEQTR1aGZSNXRLX1FNNVI1R0lHdmQ1RFVuTUJCenE4NzBGUEFmc2M?oc=5,FinTech Global
American Family,https://insurtechdaily.io/company/american-family/,Bowhead Specialty,https://insurtechdaily.io/company/bowhead-specialty/,,Acquisition,yes,1200,1200,USD,2026-08-04,Carrier Management,https://www.carriermanagement.com/news/2026/08/03/290705.htm,Insurance Journal; Reinsurance News
DOXA,https://insurtechdaily.io/company/doxa/,LimitFi,https://insurtechdaily.io/company/limitfi/,,Asset purchase,no,,,,2026-08-03,Insurance Journal,https://www.insurancejournal.com/news/east/2026/08/03/880017.htm,
Miller,https://insurtechdaily.io/company/miller/,Shields,https://insurtechdaily.io/company/shields/,,Acquisition,no,,,,2026-08-03,Reinsurance News,https://www.reinsurancene.ws/miller-completes-acquisition-of-dubai-based-reinsurance-broker-shields/,
Maybank,https://insurtechdaily.io/company/maybank/,Etiqa Insurance,https://insurtechdaily.io/company/etiqa-insurance/,Ageas,Majority stake,yes,1188,1100,EUR,2026-08-03,Coverager,https://coverager.com/ageas-sells-etiqa-stake-to-maybank-for-e1-1-billion/,
Inszone Insurance Services,https://insurtechdaily.io/company/inszone-insurance-services/,Advice Insurance Agency,https://insurtechdaily.io/company/advice-insurance-agency/,,Acquisition,no,,,,2026-08-02,Insurance Business,https://www.insurancebusinessmag.com/us/news/mergers-acquisitions/inszone-insurance-services-acquires-advice-insurance-agency-to-expand-personal-auto-offerings-584596.aspx,
Majesco,https://insurtechdaily.io/company/majesco/,Vitech,https://insurtechdaily.io/company/vitech/,,Acquisition,no,,,,2026-07-30,Insurtech Insights,https://www.insurtechinsights.com/majesco-acquires-vitech-to-expand-ai-powered-insurance-and-retirement-technology-capabilities/,Pulse 2.0; pehub.com
CIAB,https://insurtechdaily.io/company/ciab/,PriSim's Insurance Industry Training Program Suite,,PriSim,Asset purchase,no,,,,2026-07-30,Insurance Business,https://www.insurancebusinessmag.com/us/news/mergers-acquisitions/ciab-acquires-prisims-insurance-industry-training-program-suite-584244.aspx,
Inszone Insurance Services,https://insurtechdaily.io/company/inszone-insurance-services/,Progress Brokerage,,,Acquisition,no,,,,2026-07-29,Insurance Journal,https://www.insurancejournal.com/news/east/2026/07/29/879615.htm,
Trucordia,https://insurtechdaily.io/company/trucordia/,Dominion Insurance Services,https://insurtechdaily.io/company/dominion-insurance-services/,,Asset purchase,no,,,,2026-07-29,Coverager,https://coverager.com/trucordia-acquires-the-assets-of-dominion-insurance-services/,
Tiptree,https://insurtechdaily.io/company/tiptree/,Universal Shield Insurance Group,https://insurtechdaily.io/company/universal-shield-insurance-group/,,Acquisition,no,,,,2026-07-29,Coverager,https://coverager.com/tiptree-to-acquire-universal-shield-insurance-group/,
Verisk,https://insurtechdaily.io/company/verisk/,McKenzie Intelligence Services,https://insurtechdaily.io/company/mckenzie-intelligence-services/,,Acquisition,no,,,,2026-07-29,Insurtech Insights,https://www.insurtechinsights.com/verisk-acquires-mckenzie-intelligence-services-to-strengthen-catastrophe-analytics/,Reinsurance News
Relation Insurance Services,https://insurtechdaily.io/company/relation-insurance-services/,Mid-State Insurance,https://insurtechdaily.io/company/mid-state-insurance/,,Acquisition,no,,,,2026-07-29,Insurance Journal,https://www.insurancejournal.com/news/midwest/2026/07/29/879559.htm,Insurance Business
Mapfre,https://insurtechdaily.io/company/mapfre/,Safety Insurance,https://insurtechdaily.io/company/safety-insurance/,,Acquisition,yes,1540,1540,USD,2026-07-29,Carrier Management,https://www.carriermanagement.com/news/2026/07/29/290500.htm,Insurance Journal; Reinsurance News; FF News; Insurance Business; Carrier Management
Seventeen Group,https://insurtechdaily.io/company/seventeen-group/,Senate Insurance Brokers,https://insurtechdaily.io/company/senate-insurance-brokers/,,Acquisition,no,,,,2026-07-29,Insurance Business UK,https://www.insurancebusinessmag.com/uk/news/mergers-acquisitions/seventeen-group-acquires-gibraltar-broker-senate-insurance-brokers-584065.aspx,
Enterprise Risk Associates,https://insurtechdaily.io/company/enterprise-risk-associates/,Hamann Insurance Group,https://insurtechdaily.io/company/hamann-insurance-group/,,Acquisition,no,,,,2026-07-28,Insurance Journal,https://www.insurancejournal.com/news/southcentral/2026/07/28/879395.htm,Insurance Business
La Caisse and Cinven,,Optio,https://insurtechdaily.io/company/optio/,,Acquisition,no,,,,2026-07-27,Insurance Business UK,https://www.insurancebusinessmag.com/uk/news/breaking-news/la-caisse-and-cinven-to-acquire-u-k--specialty-insurance-platform-optio-group-583840.aspx,Coverager
Adam Riese,https://insurtechdaily.io/company/adam-riese/,Neodigital's insurance portfolio,,Neodigital,Asset purchase,no,,,,2026-07-24,Coverager,https://news.google.com/rss/articles/CBMiggFBVV95cUxOMm5BU1ZOZGptTzdEWlY5RU1nUlJzdmE3S2p3bzNzSGwzazlfNklTd2tfYUJZS2ZTZng5eWRUREpBdUtzRUxlbndnVGRtZFJMTWxCZHlESTJmQkNfdVFXLXN2MmV6Z3NPU3p0dC1FenNldFAyU1RKdF9JOGs0bGY2WXVB?oc=5,Coverager
Allianz,https://insurtechdaily.io/company/allianz/,HSBC Life Singapore,https://insurtechdaily.io/company/hsbc-life-singapore/,HSBC,Acquisition,yes,2100,2100,USD,2026-07-24,Insurance Journal,https://www.insurancejournal.com/news/international/2026/07/24/878902.htm,Insurance Journal
Árachas Group,https://insurtechdaily.io/company/rachas-group/,Allison White Insurance,https://insurtechdaily.io/company/allison-white-insurance/,,Acquisition,no,,,,2026-07-24,Coverager,https://coverager.com/arachas-group-acquires-allison-white-insurance/,
QuestGates,https://insurtechdaily.io/company/questgates/,Howell Wild,https://insurtechdaily.io/company/howell-wild/,,Acquisition,no,,,,2026-07-24,Insurance Business UK,https://www.insurancebusinessmag.com/uk/news/mergers-acquisitions/questgates-acquires-howell-wild-to-strengthen-liability-adjusting-arm-583565.aspx,
Genki,https://insurtechdaily.io/company/genki/,Wave Claims,https://insurtechdaily.io/company/wave-claims/,,Acquisition,no,,,,2026-07-23,Beinsure,https://news.google.com/rss/articles/CBMia0FVX3lxTE1WWmxZS1BSaVJsOU1lNS1jWmNJLWE2dTZUVHJRb3daa2RFOVhqUVM3LUpDbjZlSVg2WGdHWTA3eGRfeGJqc3hra2h5TFJ0Vm1WUzQ5aWMzVTFOVUQ3aWcxN1lUeDd5TzM0bTlN?oc=5,FinTech Global; PRWeb; Insurance Nerds
W&W Group,https://insurtechdaily.io/company/w-and-w-group/,Neodigital's insurance portfolio,,Neodigital,Asset purchase,no,,,,2026-07-22,ICLG,https://news.google.com/rss/articles/CBMirgFBVV95cUxNanVZdUl5WUZoaUowZlJjRFp2OW9xZF9iUzE4cVkwWnF1eGxjb0xtTVdOQ3diVWh3c0o0NU5JUHB6OUF1ckFwd2NCOTlydHlPQWJoNVlQN0E5RTBUV1RZeW1lMFpSSzg5a0o5WHpEQjdwVHhLMGZUM1BBOUZFQldDMlc3SEF2djctMWp5a01BbjZLZWlFcU1KMm5wazNnVllYbGgtby1Zd3ZHcGI5VWc?oc=5,
JazzWorld,https://insurtechdaily.io/company/jazzworld/,TPL Insurance,https://insurtechdaily.io/company/tpl-insurance/,,Acquisition,no,,,,2026-07-20,Insurance Nerds,https://news.google.com/rss/articles/CBMirgFBVV95cUxQOVVxSk04Ymtnbmtocm9Sa2VEcGM2cGp6MVMwYVdER2JsS09nVzBxXzhqbUlQb1dQSkxISGxNNlNpWHJEMjM1YmZjSjJfclZDZHZMd1RLTG00V29uU2JKZkZmN2F1OUNpR1Q3cHJoWDVoZjZackc3aGtROTVfZV8xcnNPejJfeFZmQ2dhekJKZ3lTczhMMUt2WlNCWmJocktjQmN4VE5wdk1rMjRELUHSAb4BQVVfeXFMTjN2dElnWTgwSzVzd2hkb20wLVBlLU5CZjY1ZGhKaV96U3VyNklTR2ZlWm04WVhnbUt1RXpHMmthZjItVU01MEFjVlQtcW1NQ2x1Yl9BNmxqTjJVRnR3bjhsMlVSQ2RpYTJVMk5MNFNPN0k5amk5aUt0R0JyWlJIVUE1bFZHYmkwY0hvZkN5VllOQVUxUHduNVNLQ3JXRzhIeldFclh2eENPMUdqOEZuX3lDNldoWEhZR2taWEcwUQ?oc=5,thefastmode.com; Insurance Nerds; Quiver Quantitative; VEON; The Manila Times; 富途牛牛; Moomoo; The Fast Mode; Profit by Pakistan Today; Techlist Pakistan
Mile Auto,https://insurtechdaily.io/company/mile-auto/,Insurance House,https://insurtechdaily.io/company/insurance-house/,,Acquisition,no,,,,2026-07-10,citybiz,https://news.google.com/rss/articles/CBMivgFBVV95cUxQN3E3dS1lYzJfY1plaVJzb3VUOVYtRnc1dHp3RE90ZFJrdnU1blpvbmwxWDdVcDFJS0RrZThjWThYbmtaNDdBaTNsUXJDNEJOZ1ZzMUpha2tqVkZFbTc0N2tPMkVSdEg5MFk3dkQyX2hOUUEwUUpXYTR4dzFmZzllckxGdWxIMGFVS0RFOEh1UDJSYkVYNzY0S0VLRDBEM0lPNnRGZkM0UndzaUhZdXZpWVNWem53dFZ2UlpaLWd3?oc=5,
AOG,https://insurtechdaily.io/company/aog/,ITH Life,https://insurtechdaily.io/company/ith-life/,,Acquisition,no,,,,2026-07-09,The National Law Review,https://news.google.com/rss/articles/CBMirwFBVV95cUxQRW11UTJIMnc4LThMd3dqNlBWSFg0SnU5TzA2Qlh2YUZ4UHF5eWpGdHFQNGUwOU11ZXRiR2xpNXBtUTd1T0pwRWRXQWVMMmZzcEp1UW9KdFh5NTlVMmppVTNIdGd3Q3BiemFDQWtQSy1VbkhlOUxVYmEweF9PdEZtMFQxNEFrTU5sWmItLVBkZ2wzVkpuTTBoYTZEckNXVG1Dal96YUVGX2g5ZWlnU1Nr?oc=5,
Duck Creek,https://insurtechdaily.io/company/duck-creek/,Send Technology,https://insurtechdaily.io/company/send-technology/,,Acquisition,no,,,,2026-07-07,theinsurer.com,https://news.google.com/rss/articles/CBMiqAFBVV95cUxOZEhQYUptVEpNVnQ1VGdHX3QzZFpHc3B0V2NzSE9qZmV0dUNCR1piTHpEWGlhSXZ2bml2U3VqMGVFa3hoTm5rOVdja1RaTUpXdHA2TWdLUmVsckcxT3loWmVrZGtvbUQ5NEU5eldBZkVhQVdTZzMyeHAwT2ZhZHI5ZVcxbDFiVFNtc01DVFhUQnp1SkJiQ3RKekY1aFJtQzZoSEdqbVFkNE4?oc=5,
KAPIA-RGI,,Cegid Assurex Solutions,https://insurtechdaily.io/company/cegid-assurex-solutions/,,Acquisition,no,,,,2026-07-07,Business Wire,https://news.google.com/rss/articles/CBMijwJBVV95cUxPMDVfX0JuRGVIWVRXNVZtNngzMFIxRVNIQUFMbkxIcFJQVUpscG55WHAtSWROZGtUYVlpZENxNm1CN2N3eUdaSHpXX2xxQVJ1UWhBYzhNczB0SFpRM2tSWjNpb0JIVVFaVnZ5ZUUtd0pGWTltWlRpZnN6TVBBV3JnRmdvZ0g3UkdaMV8wS3lHaHVWTmtNOHpIMkVtRDhTSkFmS3hBMEVIeWVaVDh4U3lWanpRb2NXamNaTjRDczlCa0QxeUU1OWFxN3Q3UWZwUlZxeVFDSWdjZzd4Q0MxMWRBVmVCNEhsUm1ndlNTTmkwb0lvMEYxY2JqUUhEZG1LdURqRERlVlFLV1Bsb09UVmVz?oc=5,
Igloo,https://insurtechdaily.io/company/igloo/,Eazy Digital,https://insurtechdaily.io/company/eazy-digital/,,Acquisition,no,,,,2026-06-30,TNGlobal,https://news.google.com/rss/articles/CBMixAFBVV95cUxQbWNGNGRWR1ZDTldHcktjMkpBNURqU2JWQVB1dG9VVmY1c2hlcGY1dEtlSDU0Q2lzbHV5ZHFVVElsOTBZdDNjaHBpZ3RzVmxIZUFKWldGcGlUV3VpUlBZaUtkd2JwX0Q3MGFXSVE2MlZkX08wTjFqVWpDajJlTjJ6R1NXYTJROE1tUFBSMGdsWEVONTRUM1NVaGkxeGwtTFAxV1p5U1Zid1VRemJPMURoSGpNVWgyUDc2cXRmakRJc2JsRGJm?oc=5,DealStreetAsia; Fintech Singapore
Embed Financial,https://insurtechdaily.io/company/embed-financial/,Hive,,Income,Asset purchase,no,,,,2026-06-18,The Straits Times,https://news.google.com/rss/articles/CBMizAFBVV95cUxObGF4aGpaUjNiTkRTQWFyZ0dTLThhZEpQNkRMRXNtRnZ5aG53Wkh0amd4SUtCdzctNFBscUJibnk1VElOUGNOVUhvYkFmYm1xOVphWHBSOG5XdS15dlNhdUZ4V3NrLXpBUXRmMk9SZ3hyeWVuY25FcUxWaEJpMHpkV1ZsbVBBOTA0RnQyV1RDVXF6WG5NMUtMS2R0WHVSdlp4VTE3TUNvVnk4dm9VRGF1QjlCQnBuQmY2b2FmVThxNGpDdUYzSGZYLW9DSTk?oc=5,
Connie Health,https://insurtechdaily.io/company/connie-health/,Clearlink Insurance Agency,https://insurtechdaily.io/company/clearlink-insurance-agency/,,Acquisition,no,,,,2026-06-18,PR Newswire,https://news.google.com/rss/articles/CBMihgJBVV95cUxQWVZJWUhEVUVBeExkY25XX1VxRWdmTnFMM0Z4dDdEaUdibGtsTTVCQmFXZDJ4TE9SN3V5NWRDQTBfMHVXN1RzbjMxdzJGZzI5dUs3MkNaMlRHNE9yZFg3UFFPR1lYU3BLUWs5cnRXWTAtUkdtWUVfM2FrdHFYZ2h2OUZYOFNaTGtnWGdHME51bkhjc3NpeTJzN2dJZ2FFbXU3LXZBZ3o2LWw2U3pvSDlqbkhTR0VSbXotZmRFYS1acDRlTHFQUVhVdENIZ1FIUzRUQVc0SE94RjVvbkZLamlZUF9vZkhTdWh6UkJpUmdyT1ZxYkFxd2prcmpQWHA5Um02UWdQLWl3?oc=5,
Wipro,https://insurtechdaily.io/company/wipro/,Aggne Global,https://insurtechdaily.io/company/aggne-global/,,Majority stake,yes,28.5,28.5,USD,2026-06-02,Business Standard,https://news.google.com/rss/articles/CBMi1gFBVV95cUxNTjgwdDFLT0c0SjVYVFc4TDRxeXNmNXNWTmhOWG01d3gyNFR0czBEMDlZaWxxN2xBSUhab3FLUkh3SDFtWmdmcmlBRUNwOURINVJtQWRfNDBsQzRkT2N6WEdhSm1tbnE5Ny1DQ29jWWZiYkdFYkl2M0p4T2kzd3hrS0N6ZDRQYmtsbUVmT0x5SzZBWTRwQjdzQ3BBMWhHLWwwMmc1ejhtbC1rcWxyM1R1N1hkR1J4QS1iaGluYUY5eW5EQWZTejI5aV9GTnM5Z19wZHRldmhn0gHbAUFVX3lxTE5GSzVvWjR6TGVTZk9VZDVkN1VTYldmc3V3QVB4MWl0dW9PaVp6d2JYd0FqdUZtR0pTeHptT215WHFYOVZ5WVRtZ2luQkFCZ013V0lMUmMyZnlKMEc1MFNkczZfZHppX3ZxZGtJRmloLTZEZjcxQ3prU3lQOWx4VVp3dkhNNFdYODJ4UjBKTDNwWWs1am5CRDAtWk5DWlRfX2NlTGMxU1pXWGFjSURVcDNfa08yQlNDTkZwVEpmdUxLQVVoYV9yUGZ1c0xkQjgyeklPOUNpM2w1S0Jybw?oc=5,Business Standard; The Economic Times
Infosys,https://insurtechdaily.io/company/infosys/,Stratus,https://insurtechdaily.io/company/stratus/,,Acquisition,no,,,,2026-03-30,FinTech Global,https://news.google.com/rss/articles/CBMimgFBVV95cUxOQWQ4a3hwd25OdDdiTlY3MkMza29Id1JLMm9nUEM3Snc0SDQ1QS1HOVRyZS1iR1ROR3RiZ2xKNk8wdUNqNFdxbXQyQTBMcUZQY2JYSDZSbk5ob3hEWVZOejA4VUhWY0ZpZW9OUW1uaklQM0paMVBuUHlZQm90NjVTNlFNdF9yQzl5YXlZOWk4WnRvcWg2V1NadnBR?oc=5,Reinsurance News
Beazley,https://insurtechdaily.io/company/beazley/,kWh Analytics,https://insurtechdaily.io/company/kwh-analytics/,,Acquisition,no,,,,2026-03-22,Digital Insurance,https://news.google.com/rss/articles/CBMikAFBVV95cUxOdDdvNDdKN05rdlJIa2RpZ2hKaWJFTGpBNDNQZEpKTGV6WF9JNXNKbERMSE83VjFpemtmLXRnbUlYSW4zdzkyYk42NUNlWjZ2TTVQcDBESzBHODVrNWM3VmtDeUQyOGlFb3Axb1dkc2E1cVAtN2dhZzZiT3lGMnk1QWlxZnFUdkMtSTNJOWI3R0U?oc=5,
iCapital,https://insurtechdaily.io/company/icapital/,Hexure,https://insurtechdaily.io/company/hexure/,,Acquisition,no,,,,2026-03-17,Business Wire,https://news.google.com/rss/articles/CBMi9wFBVV95cUxOT3JLQ1ZDbEo3Z2ZONVB2UV9Ic25KdkhNRjl2SlJuVGE3OTRnSEFLUlBpa08xYzZhVWVFZnBkMWtTRTdKT3NONmVlN3F0aVp5bk9HWnpfLXIyWjBOeUNXYUk4LS0zRjJMZlNGZ3J0b3ltUjFDTzB0TjlFeUpiTk1hQk9ZUW5uSG84MWhZY1llWTFOT1U1R095Z3AwdjFqUHRvdnVOalVocFE0RW5KMXRGS044cUJqVWFFV2ozNE40d0w2QTFURkcwVE9Dcy1NX211Z3kxbm5nRFVCQnpucktYU3dBdzVYNFQ0SGptaWJjM3NiTUVubnZZ?oc=5,Pulse 2.0; Wealth Management; Citywire
Gen,,Trellis,https://insurtechdaily.io/company/trellis/,,Acquisition,no,,,,2026-03-12,theinsurer.com,https://news.google.com/rss/articles/CBMitAFBVV95cUxPOHlkcFI4em0wb1hUVmhiQkJic0tteXg5elI3N3FYM1ZxRnU2eEdyclpZd3FIWFFkSFhhVnV3eVRpQm54Q2pSMW41WmJhNWk0TE5YTDVndWtweUlXcGZ1ejNjeW9ScmhoNUY2WWU4aVFaNXlFU3ZZZ3NxVVBCWi1KN0p5UTZkclh3clNCWmswUFNIMk1kbmhUTlNZaTk4MWNzal9Fa3hoZTc2Z3lkZW51MFdqVEE?oc=5,FinTech Global
Gen Digital,https://insurtechdaily.io/company/gen-digital/,Trellis,https://insurtechdaily.io/company/trellis/,,Acquisition,no,,,,2026-03-11,Pulse 2.0,https://news.google.com/rss/articles/CBMiugFBVV95cUxOTW05VXljUDQyMUJwOW1oc3M3TXJVeWRPb3JOeUFkTTBSRTJmZzZFQmJOaGxORi02Qmo1ZURWS1hZcElVWExONXNpcGd5Z1hBd01FTUxrY0JsRXJGNVp2TDl0X1g4dzZLOG1aVjVfSXI4Qm53UURNdUk3LTRLektyRU0yUmFaNVZWMkpsTWJpWVFLV3hEcDJNLW55WmQ5aWxHaGVYai1VbDNkSElWR1dWeDhpWVBuV3RyT1HSAb8BQVVfeXFMTURTbktYa0tzZkZ5SU5YZ1lyWmNtRmdMS2Q2RnhuZDdEQnA3VVcySF8ySXhUUUtKbDhUR2hoUHdibWZzdTFlengweXBMb2hKYS1NbS04cURmQkhEbF9kMmZHZlZHdGlzSGVGR1hlZFBUT1ZDUGk1WWdzeE5zOUJPZWhJRFJVeXY3MmZkSGFrd2ZFODRPT2ZaZUM0VFc0NTdTa0JBTko0dENualZGVV9DUDFGOW9UVnd3aHZUZUlSTzA?oc=5,
Wrisk,https://insurtechdaily.io/company/wrisk/,Atto,https://insurtechdaily.io/company/atto/,,Acquisition,no,,,,2026-02-17,FinTech Global,https://news.google.com/rss/articles/CBMinwFBVV95cUxQMHFIOGFNRmhfbWctcllMX0VzOWdyQWRidDFXa1lxLVlhLWVRbFVKZjdUTlhuVXA4ZlpILWhzMk5ER1VERGlIbGxkY1dNcjlqcW5NMEp4Y1Rxd3NHNjBIUHJGelV5MnYta05VNm1tNmVMQUNFRzZ6SDdyMFNfUURJa0ZzTWZqMjJIVThUVnRITHNFU18xVGRfaTdqQ0E0NGs?oc=5,FinTech Futures
Admiral,https://insurtechdaily.io/company/admiral/,Flock,https://insurtechdaily.io/company/flock/,,Acquisition,yes,101.6,80,GBP,2026-02-13,Life Insurance International,https://news.google.com/rss/articles/CBMifEFVX3lxTFBOV2lyOUxRTm1KN2RHbV9zSmYxci1aU3JKU3l2UHNIMWhJcFZKR0pHZUREZ1E4d0xid3p6elA4OXl1aklObkw4c3RZUGd3dGdsbVJBWFRIRUZnNUxSeFUyM3UzVHdKek5TN3JvcDhvdGlYTUIxQ183Qm5oSXc?oc=5,
Emerald,https://insurtechdaily.io/company/emerald/,Insurtech Insights,,,Acquisition,no,,,,2026-02-03,Beinsure,https://news.google.com/rss/articles/CBMib0FVX3lxTE1VSFBGTHlUVWJQQXBPZ0xRanhTN2NwZU9pWXN5WW5WY0FjN29LQl9BZ3dIMFdxdW9WX1Bsa2g2QzFaSzJEVG9fVVdwZHp4Y3pIMUVzSy1NMUJQSGxPMm84NXVHREVUZVJCQ2d0VTdKUQ?oc=5,Insurance Business
AUB,https://insurtechdaily.io/company/aub/,Prestige Insurance,https://insurtechdaily.io/company/prestige-insurance/,,Majority stake,no,,,,2026-01-30,Claims Media,https://news.google.com/rss/articles/CBMiuwFBVV95cUxONkxEeDFOTXBGOXRheVdlQ0I1aGhhRjFnZ2JqZnVzM3VMZHpRWnJ3Y0pqZk5wei1IV0JjTjdTOVRGcGdJODB0NmF2ZWxqYzVid0hyUnpoUTcwZTVZd1p6MndMMVUxTUItQjFUZlJGdk9paFpVcDFMWUVIZkQyTWt2dndCQzE2QWpBOG9LQnUybHM5NDgtRXQ0RUpySUtqakY0LVRGSjBKaWplVUtHbkpuX0J2T2EzOXNTbENz?oc=5,Reinsurance News
Helium Ventures,https://insurtechdaily.io/company/helium-ventures/,InsurGrid,https://insurtechdaily.io/company/insurgrid/,,Acquisition,no,,,,2026-01-23,FinTech Global,https://news.google.com/rss/articles/CBMimwFBVV95cUxQQkEweV9vOVRoelhmb2hjQjhFb1ZpM1ZiZmtnQlZ5ekpEbDFrVklQU0RWUDY5SFRvR3p3bHoydDc2UExGLTlpSnlMUUlHN01fbmg1TTloV3EzQ1d4a1FLVy05UjcxbWVHaDBZemJfZmJySWFNZGkyaTlUelowZXREeWtxSTZfdERoY3RkaEJsWENzOE1VY29fTkVETQ?oc=5,
ICE InsureTech,https://insurtechdaily.io/company/ice-insuretech/,Nordic Insurance Software,https://insurtechdaily.io/company/nordic-insurance-software/,,Merger,no,,,,2026-01-19,Health & Protection,https://news.google.com/rss/articles/CBMioAFBVV95cUxNajZUQXdGZU5mRlhNV1VOUnpzQzlDOEx3dS1XUTdueHQ4T0lubzM1TXlfRld5XzlBYklWb2tESG9zTzJMd0VaZm1DWjdVbVExMWpub0FDZWFuQXl0aHZfTXZ4MHkzOHllNU13NmlTWGE1cS1HblhYNGxBdXBVWExaOURVMWNORGZYWlhBbVdSNk1xenNENEhvMU1EN2NZcHNX0gGmAUFVX3lxTE9fVE5kdDdUS0R0TXRmY3czUXMzMnhteTBaQUw4NHVxVWNaOTNscmhESENoYk5mbng5UTZyY0I5MC1BdmJzaFdmUWtweEM3RDFrU2VuMEg2NkZIOUg5RTNZa3FQeFhCb1EyUkVpRUtrTnJXdzZhclQtZXZwUHlCZExqLW1VLTMySWtleHJaTFVpRzhKTk40czNzQUF1aDlEUkszQTViRVE?oc=5,
Munich Re,https://insurtechdaily.io/company/munich-re/,Next Insurance,https://insurtechdaily.io/company/next-insurance/,,Majority stake,yes,2600,2600,USD,2026-01-16,FinTech Global,https://news.google.com/rss/articles/CBMirAFBVV95cUxQU0FtejM3Y1pycFgzQWRlVWFCcFRYRDBMSUJBaTNIS1NUdmNzZHNPNGVnTmI2T2RGTVlwY3hNb0RaNDlLQmtkMlhKaGI1WVNOVlpTa2hYY1JaalduR1Q3RDk3aU5LVzc4OHVkZ0Nua0ZEeTdrVDNmLU8zNU1iN0lkYVFoVmlRUEpFOHBkNkJwQTVsblJCUEp0VGExUW8wdVNZR3hvUkFnaWliLUk4?oc=5,FinTech Global; calcalistech.com; Latham & Watkins LLP
Baldwin Insurance Group,https://insurtechdaily.io/company/baldwin-insurance-group/,Obie,https://insurtechdaily.io/company/obie/,,Acquisition,no,,,,2026-01-13,theinsurer.com,https://news.google.com/rss/articles/CBMiogFBVV95cUxPOHNDd1B3SHo2aFBBSm55SEJTbkhyWTFTaWN5WkJkT0JYV0lkM09xbkFXbHNoalJjQWhIU0ZPcmYxbHVVeDhybWZXQ3hEZkRILWZFZmZWMFdsYmYwOTV0OWZNQ05RaDFhTUNVMGxoMzY1ZU1GZzJmT2dXLXdydkphLTVDdnhILXhyOGJHSERFSG16dnBRelpGNGdDR3FmNlQzREE?oc=5,Business Wire
Acrisure,https://insurtechdaily.io/company/acrisure/,Efficient Insurance Solutions,https://insurtechdaily.io/company/efficient-insurance-solutions/,,Acquisition,no,,,,2026-01-09,Beinsure,https://news.google.com/rss/articles/CBMibEFVX3lxTE1jclhMcFg5YVQ0UmowY01JbXV0aTgwODZZT2RwSTZZWnBfZXdQVVY3SDJURU43XzBDS0VsU0gyZU9ZNWwwZndpS0NvM0hVNnV1cGkzMWFoR2szWE5jMExHcVJmbnl4ekw3VzJwOA?oc=5,Coverager
bolttech,https://insurtechdaily.io/company/bolttech/,mTek,https://insurtechdaily.io/company/mtek/,,Acquisition,no,,,,2025-12-04,FinTech Global,https://news.google.com/rss/articles/CBMif0FVX3lxTE9iS0pTY0M5VGd2WTN6amMwVlY3RXBERDhkbnBSNTBTQTBHM08xQ1U5RjE0V2o3OUtYRGJqS2stZi1qTGU4MEJkTEpZSTF3TG1JZ2QyWHVpOXp6Qlo1MDFBbjh1NVVPSnhxT085OVdDSk5XZ1U4RF9wTHh2eElUYzg?oc=5,
InsuranceDekho,https://insurtechdaily.io/company/insurancedekho/,RenewBuy,https://insurtechdaily.io/company/renewbuy/,,Merger,no,,,,2025-11-11,YourStory.com,https://news.google.com/rss/articles/CBMilAFBVV95cUxQZGVQc0FONk5jQUd5M0pSaTJ6WkdIRjBNeXQ1blBHQnY3VUwwN2E4d0FfVUVtSHBvME15Y1BjSkRZV3pObUhoczBWSEdzaTZJMjlYZkxpSm9xRjVyMFZUNXBxTEZyMmV5OG1Zcl9UY3FPU2IyOE9VMjEwUlBXUmgzRThkNUVjZW1oZ2JWT1B3dmdGSUJr?oc=5,Business Standard
FutureProof,https://insurtechdaily.io/company/futureproof/,Terrafuse AI,https://insurtechdaily.io/company/terrafuse-ai/,,Acquisition,no,,,,2025-11-10,Business Wire,https://news.google.com/rss/articles/CBMi7wFBVV95cUxQa09iZkRmMlZ3eGpTSjZzMzV4NXdNSEV6b29BREpDSFZUa05udm9PY3dpa2E3RUZWLXhyRmMwTnozTlV2UmlEak5lcFlRdUR4Q29Vc1otRzF4SXhMZ2dtUFhmWUY5Y1U1a1U4eHhyUFVHa0VJUUJHeDAwdTV3dkNkZ3ZqSFVnSkh4YTlldUYxQjkzN0xIWFVKNzFhdEdTa3NxOUhfeVpGNm1DNkhmMlFwaVp5OEJFeTFqekc5WUFKalF5NzNmTUJnSXJYbTNqZnBMbTg1N0ZvNEJ4NzRGVmktM21mWXJvWFU0WWZWVjlrZw?oc=5,
Artivatic Data Labs,https://insurtechdaily.io/company/artivatic-data-labs/,"Girnar Finserv, Girnar Insurance, D2C Consulting and RB Info Services",,,Merger,no,,,,2025-11-07,DD India,https://news.google.com/rss/articles/CBMi3wFBVV95cUxNeGdScVlWUG4tRFhBNk1vc0N4OEZDYUJueEVyYVZUZ0NXV1lTazNzUzRQUGxfVTMyanhaTkdhaXBRY1dXeGg5dFZRMWc2aHphLW1nQW9BbnpobFhTdGZwV3pEcjRuUkZaRlZLM0JfSDlCMXVfRG0tY2pLOFk5QlpSSDYtNTJxSUtVZ0M1b0k4M1BJc1pKUVpNNHNTMDF0WjRKbzNoaTl3NDBFX1pPVkt3QnNrWVNiMHN0ZGxoWXBfTzh0clktdW4xd0NyaWJ1cnN5ZG1ldFlocUd2c3MtQ2I0?oc=5,
NTT DATA,https://insurtechdaily.io/company/ntt-data/,Alchemy Technology Services,https://insurtechdaily.io/company/alchemy-technology-services/,,Acquisition,no,,,,2025-10-20,NTT Data,https://news.google.com/rss/articles/CBMi0gFBVV95cUxOUjJnZnB0YUtBbExreDAyUmxtQmp2amlVSmZCM3AyMHl5M2dEZTFRQkpUYl9vWHplLUY2Yk5zQ3I4aEktUUZUa3NrVVZvNUZydzBhdGZzWVI4RkpIZy1DOFAwd3lfV1g1U1VCRDRJM0d2YjVoaWNsWExacERTSTlZeHFmelNqZWgzQnFDS1NsUUY3aF9mWktzYm1VM3RlLWluNHFJQldjYVpPVko2RjlpSTZ6cFlyWG9SSTlQeFpJR3ByNTNnang3S3VTLU10bm41Smc?oc=5,
Brown & Brown,https://insurtechdaily.io/company/brown-and-brown/,All Med Pro Dental,https://insurtechdaily.io/company/all-med-pro-dental/,,Acquisition,no,,,,2025-10-07,Insurance Business,https://news.google.com/rss/articles/CBMi4wFBVV95cUxOS0tSMFBMTUZNR1JpUnZxRmk0U28yN0pPLUJ3UlFvcU9pMHdzSElIV0hWMVpLeEJaajNwZHcyN3U3MFBnWm9qUVpNYXRESzA0c1V2RkF2RWhMbWVaM2RtaW0zY3NpZDNoWnlnM29iU0xZbWRrazkzalJGRWdwdEJXQ0hPeVVXSnYyei1XS3p6cWY5LV9mLVFlOVpWSC0xV0ZneldLR3JJdEE2YlExQ0pKSk1pdGJEM0lSeEdaTThpcUcxUjMxV2JTcHE5STlGbTRIYnpoX1U2bDBicWttT1BTZ2FxVQ?oc=5,
The Phoenix,https://insurtechdaily.io/company/the-phoenix/,Wobi,https://insurtechdaily.io/company/wobi/,,Acquisition,no,,,,2025-10-05,Globes - Israel Business News,https://news.google.com/rss/articles/CBMipwFBVV95cUxOekcwaFA1bmZ0OFRucVhUcjB3SHNrWHRXdDZ1bjA2TTE4ZHZNYVJlbTZtcDFXMU12OUhXN1NvOFQ5Qi1UUGx6YzlyeFp2Ry1yRHNwN2U2RDNfZ0hZT3g2TVRXdXVpc281ejNrbjlkZzVtVXhGc29zb0EyRjkta0NZZnlCOXNiLWh6U3B5UGlscm9xRUxSN2tKTG5oQlVxXzMyaFZhYTIzbw?oc=5,
CVC,https://insurtechdaily.io/company/cvc/,Bamboo Insurance,https://insurtechdaily.io/company/bamboo-insurance/,White Mountains,Majority stake,no,,,,2025-10-03,Reinsurance News,https://news.google.com/rss/articles/CBMimAFBVV95cUxPaFZQSEFvdWtZYnhDMTFnM2FCSzlRZlpXeUxtbHAxNjdUYlljampieGsyQzlvQUdSeWpfRFR5UGxmeHFib0xVZ1BMb1lFbm1VTGdrbktCS0lySVJEY2xSVGxicS1ET2dWVi1vMmhjQ3pKY0JueGVNRTE0QWE0VENFdkxJN0FoRkdOVkdvUmdUQmtYWk4tVlpjQQ?oc=5,
Ambac,https://insurtechdaily.io/company/ambac/,ArmadaCare,https://insurtechdaily.io/company/armadacare/,,Acquisition,yes,250,250,USD,2025-10-01,FinTech Global,https://news.google.com/rss/articles/CBMipwFBVV95cUxNNjBpYUFfdU95R1RaZm90dTJGOFdtQThMZEZxbFNkYm40MkMxN0E1eXNIVEVpQkY4SHJ0Y0FoZWRVYnNHRVpGV3pFWFZQXzJCakYtSVZSanNsZUJwQnNKbGNjd3cwaWtFWFlfZlV5V3NkOEV0V2pDay10QUdfQ0ZJTjRCT3JTODRLVW5JWF9nRDlIMkc4R0lOcGpGRGxCY0JIZnFPTkZWRQ?oc=5,
Datavant,https://insurtechdaily.io/company/datavant/,DigitalOwl,https://insurtechdaily.io/company/digitalowl/,,Acquisition,no,,,,2025-09-25,Globes - Israel Business News,https://news.google.com/rss/articles/CBMingFBVV95cUxPM3ZNYm11cHAxaFBQWmZSZFB0d1lQTEg1MWJoa0ZlOGViUVRxR2E0SEVsT1pFWTllMEpVcEhUaWZiTlZiSGJ0OUlZR2xXSFhCNXhjcmJ3RE9OSjRCMUFEUzFVUm55aVExdVVhTXAtQ0Z4LWRXWTE2MFFTUjhXVG1oUzZuM01yMmhXRWJaTjJ4MkVfWUNyOGpUQlZIVGYtUQ?oc=5,
Santam,https://insurtechdaily.io/company/santam/,JaSure,https://insurtechdaily.io/company/jasure/,,Acquisition,no,,,,2025-09-15,Ventureburn,https://news.google.com/rss/articles/CBMijAFBVV95cUxNeERFM3o1OHBUY19sdVNpOUxMQjAyOXRDcUhwYzlkWXZIYmtkMDRhOE5ESzZ1X2RGOThPYUplN2hXaVBaZjVBWjdJd24zMk03SG9mOGtUTHVEUjYwclhXM1JWb1IwZEplZWxscDRpRFRmRWM3X2VCY1EzeEtrei02Nng5b1lJTnV3ZnpKZdIBjAFBVV95cUxNeERFM3o1OHBUY19sdVNpOUxMQjAyOXRDcUhwYzlkWXZIYmtkMDRhOE5ESzZ1X2RGOThPYUplN2hXaVBaZjVBWjdJd24zMk03SG9mOGtUTHVEUjYwclhXM1JWb1IwZEplZWxscDRpRFRmRWM3X2VCY1EzeEtrei02Nng5b1lJTnV3ZnpKZQ?oc=5,
Applied Systems,https://insurtechdaily.io/company/applied-systems/,Cytora,https://insurtechdaily.io/company/cytora/,,Acquisition,no,,,,2025-09-09,Built In Chicago,https://news.google.com/rss/articles/CBMiiwFBVV95cUxOazRyVTdrU2U1ZXJLS3MxSG1hakotRnFBNm5yT3BWclhVRFcwVmhBbTU5X0tLMHVQUERjeUNZMDBqdzlJYTJPaUxoeFFkc0FhLUZwQ1dTX2ZiTVdBbjhodjFQLWZmZVJ3SWRFWFI3U0FlWTg4MTU3enZPRGFPZ2lPcGRqc0hiUVJpTHow?oc=5,
Global Indemnity,https://insurtechdaily.io/company/global-indemnity/,Sayata,https://insurtechdaily.io/company/sayata/,,Acquisition,no,,,,2025-09-03,calcalistech.com,https://news.google.com/rss/articles/CBMiaEFVX3lxTE1iYUFDcTQwUE9hUXFZWUJkaWZOc3p1ODFwVS1PdGpoRXctaVp4ZjdsTmUyQzVCUEFINjZUTHo5Y05HaG9UeGNhMDUxWnJpT1pPYW9lVkRfTXVnZTRWS0lIMlRoNTg5d25G?oc=5,
CarTrawler,https://insurtechdaily.io/company/cartrawler/,Koala,https://insurtechdaily.io/company/koala/,,Acquisition,no,,,,2025-08-20,FinTech Global,https://news.google.com/rss/articles/CBMilwFBVV95cUxQSThwakFsVGNSeFh5LTcxUW0zRDcxd3dIOWZXOVd1bmJPenVaTzYzR0ZSbmd6OGh6SlB5UVlUcUhUaVZURVA5YkxLZm9JSEh6aGdUX3ZVbWxQSE94Mk1Oemwzdl9WX0hSVG8yMURfU0V2Nlp2elhQbW9vZjZHdkxRdEZEQVozZmpqc1dnV0VoVmt6UTFxQUtR?oc=5,Coverager; PhocusWire; Travolution; RTE.ie
eazy Insurance,https://insurtechdaily.io/company/eazy-insurance/,G&C General,https://insurtechdaily.io/company/g-and-c-general/,,Acquisition,no,,,,2025-08-15,Insurance Business,https://news.google.com/rss/articles/CBMi6wFBVV95cUxNSk84MWloaHN2NXlDUFVIc09XcFRFYXVRQXU1ZER1bG5hYVVQTU1ScXMtVnJRZ3k3VEluZlQ3YURoVGlxcm5RMUxIYUNtT2NwTjlOREhqUG1fRENtZk9XYWlhUEJOaTdDNjkzVHB6QUw1WEFlMkdhTmp4SnZlZzNBb3phLTJhUjNDc0N1bWdMZGtpU2NISWFQenNZTmw3S01YZUhGYTFfeTFfSUd5a2lqcEp3akFTYTQ0blJPZHBZTEo0Wm42dUdDcGR6SUdFRk5namRHX3pCS1VpZFBaTXJ2ei1mZkppOGtkUmM4?oc=5,
AXA,https://insurtechdaily.io/company/axa/,Prima Assicurazioni,https://insurtechdaily.io/company/prima-assicurazioni/,,Majority stake,no,,,,2025-08-04,EU-Startups,https://news.google.com/rss/articles/CBMizAFBVV95cUxPSTROS3dCcXV4dzk4T0NmMWpjclBLSG00YXNlNV8waFVUcTg5eC1aemVYTDNEaFRQSUtUVVVnM0lfU0pSNUdKUTBaTVZoNWFMUDRab2dyNmxrZFNaMS1TbE1BNmZjQ2JOZkphSHpTeWhLVDFjSFEyRFBNS3hPRTNYUXhzd3F4T2N0RUhHWlVSXzBOUFk2emluSmpOYTVRdEZvY2xYZmVWaXR6TGdRa2NTanlrT1lkUGZzNXlDR1hfTFMtSzdrWEpnbTFOaTM?oc=5,Silicon Canals
Artivatic Insurtech,https://insurtechdaily.io/company/artivatic-insurtech/,Girnar and RenewBuy units,,,Merger,no,,,,2025-07-18,HDFC Sky,https://news.google.com/rss/articles/CBMiqAFBVV95cUxNTk02NUVtNzBZcTM4UGROaktvVGpCWFc5Y0VEb0Fxc0FfNnpaS3FnN2dOQWMzdXVINXFOWEx1U1JHU2gzVTFtYW0walBzV1dfYUN6RGFQbm54QXZ0RTRtOVBLVl9iQVNvai05R3h0XzdiU3hDcGlsNUZEYkg4cE82bU5ONlh1bnRJY0FyU09jMjQzMHp1VTk5cmNyaExLX1NXcUZUQjZfMTQ?oc=5,
Zurich,https://insurtechdaily.io/company/zurich/,BOXX,https://insurtechdaily.io/company/boxx/,,Acquisition,no,,,,2025-07-04,Insurance Business,https://news.google.com/rss/articles/CBMixgFBVV95cUxQMmFmMUdFczdXZ1lRU3hqZ1VYbHpNVmxfUF9WSXF4V0NpWDROZEdYSW5uaW5renJIRnoycVBlV0pKdVNidGkza2Y4dTJrRHgwZDR0djR3Y1RseUEyTVpFdHExc19ZMHpQRFpNZ2g1QkdIbklNZFB3Zk9pX01md0Z4X2ZEcG1ZaF9MZThrTlkza3pQX2JvNXNleFVmeFZrQzBiNWtPMno2LUNrTDJDQ3N2X2tVd1RHcUt2V3o0aURVcTA1eUtXMlE?oc=5,Insurance Journal
ERGO,https://insurtechdaily.io/company/ergo/,Next Insurance,https://insurtechdaily.io/company/next-insurance/,,Acquisition,no,,,,2025-07-01,Business Wire,https://news.google.com/rss/articles/CBMiwAFBVV95cUxOSy1UeFNjM2p0N2owTC00UjRvRi0zZHZFLXNvMTNHbHpaR3NHc1RpcHFOdzY0alk2WEMwOVRJZDhlQ0VaTFJ1OS1rTjQxc2RYUk5KdFZnUUYwTy1UamotTjZPbGJhTVpoX1ljeEtiR0FscFBzT2E3M1RSeWdHWHFzalZNNUJpSVdGaW9JUnd1YnFuYnJEYXFWNUJ4LTA0VGNxbFNlY2MxM3NnQW9RcGpxQWc0NzFNbUhSb01nMFItRUQ?oc=5,Insurance Journal
Equal Parts,https://insurtechdaily.io/company/equal-parts/,Assurely,https://insurtechdaily.io/company/assurely/,,Acquisition,no,,,,2025-06-26,theinsurer.com,https://news.google.com/rss/articles/CBMiqgFBVV95cUxOZ2lNcUtiR1A4NFdXRTk1UTYzaGRsQ0lNNHg2R3FOM0ZtN1czcGtwQU55dEljOTF4WERBU0RJdWl5LWotNDdGTjdfbFNGUTVXM1hWbEYwMWF2am1XNnNsaTE5cmlSVEJGWGNrTmpScXExeHVjX1ozOHRrV2xNYVEwQllHd1V6MTdsWXpSNUR5Ukk3Tk5BLW9rWnNQNjZ1NnAwQWVoT0Nuam90dw?oc=5,
Nearmap,https://insurtechdaily.io/company/nearmap/,itel,https://insurtechdaily.io/company/itel/,,Acquisition,yes,1300,1300,USD,2025-05-26,Reuters,https://news.google.com/rss/articles/CBMisgFBVV95cUxPaFdsQmI3Y09LaFNsUWpJekR4bExjUTZhU2ZxcXNEX0JzQ1VCbC1kNG42S1BKOWdiVXZNcFFieWtielJhNmFTc0xyRFBjWnpVdmczOWw4ZDlZbnVfcWR3OFdBWEdWZkcyZEp1djY0aEE5Z2o5QzNqdW93RGcyaEREbERYMVJiZWRDZDJTcm9IOTYybV9tS1VmYTk2a0JVWjhIVGpiZ2VGZGNTSG9HZU5OczFB?oc=5,Reuters
J.C. Flowers,https://insurtechdaily.io/company/j-c-flowers/,wefox's Italian businesses,,wefox,Asset purchase,no,,,,2025-05-14,Insurance Journal,https://news.google.com/rss/articles/CBMifkFVX3lxTFBMOURxcEJNZlJmdGxSR2ZtVk5kVXYzclRzZkhBTVItSGg3LUZiaGM5UHFzU0FqUzBnMHZ0YjlhazhZWWhJYjc2Z3FhN19lSlFYREd1UDNWZWd6TU9oZE1hQzZnSzQ5bkw2aEFDb0JOUllJUGRBZjVDQWh3S0lfUQ?oc=5,
Pliant,https://insurtechdaily.io/company/pliant/,Hi.health,https://insurtechdaily.io/company/hi-health/,,Acquisition,no,,,,2025-04-17,PYMNTS.com,https://news.google.com/rss/articles/CBMitgFBVV95cUxOeEZzdVZwTTFvUVptZWlUMDhtZWtuZU9Uc01SbUVfTXVWY1JQYTJzZGJBakNJRXFmM1ZzUUVGMlktSFAzSEdlZlA0Y0JkSHpMTWhNMnNYMkNFSzdyNGVFRmxKOVFydVNfbnpNeDBuQ2t1UEd5eEtlLWQzalpZd09jWW9CejVpdmNRWGlUSkxCZjlHU3ZsdGVFUHo4dElkM1JVUmo3ODZBazRfR3pScmFsNEk3WFhodw?oc=5,
Ripe,https://insurtechdaily.io/company/ripe/,GJW,https://insurtechdaily.io/company/gjw/,,Acquisition,no,,,,2025-04-14,Insurance Business,https://news.google.com/rss/articles/CBMitgFBVV95cUxNanRzYzJzdEVhSmpUTS0xUW1sRWhVT25vOFk3Tm9lMWtiN0dlV3hhd2E5ZENONV83NUtKN2JoRW4zNU1wQVlXZmtqbUVoSk1OVklXRUtZbE9SNmxXMW91dlNlRlFTNGNjTDYzVXZwRUZYRHRTMS1PNUFqMkQ4LU1LYVkzb013TGdyOExpeEE4Zl9fdnk4RnlVRTljcHl2SllRWU5NbHV4dzhCOW51bTRtOU43QzFhdw?oc=5,
The Standard,https://insurtechdaily.io/company/the-standard/,Allstate's employer benefits business,,Allstate,Acquisition,yes,2000,2000,USD,2025-04-06,Digital Insurance,https://news.google.com/rss/articles/CBMikAFBVV95cUxQV182VGlaR20ybm9zNkp6YVN1akNUUGZOWGVqRDJrNmZMX21XWDJlNHNZWjd2aXluejVsOUdkZXNtbUdvOE1xcTFnb0VlOXU1bE4zd2NiU1U5aWVmX1JHeXBuNS11a3VnT2paSXlic05hUU4tYzVfeGNuRm85aWFfZ3F5TmxGa3lFVzg0dl85b2c?oc=5,
InsurTech Express,https://insurtechdaily.io/company/insurtech-express/,LDTC Life Underwriting Benchmarking Tool,,,Asset purchase,no,,,,2025-04-03,Newswire.com,https://news.google.com/rss/articles/CBMiqgFBVV95cUxQYlFIVVNPTHhwWkI2am16T3ZmT2tnMTJ4STVkbTZ5ZjRSZHYzMjN3aWFXcUJkdmJubS1qYUczbUg3a0pmV2d4Q2Jidm8yMTRUcjMxOHY2ejNBWkVCWTlGYnk5YzVnblBwZlBtM05VLVllbGo1ODdKcWJ2UGNOUnp5WGR1N0xsc3NFNE5rZXgxeUgxRnZaVEItYVRFaXRYYWRIcUtrMHI0c1VfZw?oc=5,
Vouch,https://insurtechdaily.io/company/vouch/,StartSure,https://insurtechdaily.io/company/startsure/,,Acquisition,no,,,,2025-02-13,PR Newswire,https://news.google.com/rss/articles/CBMihgJBVV95cUxOeFV0S2FUZERMQWl1WkRxZjNDNzZuUGsweWtYTUxLaXhRN21aeGN3UE05bWZxTUFjTG9RS1lQV2pGSG5EMTBaazZwY19wTGRFTlBsUmxMOUlNWGZ5cGJFeDI5OTBPalpGaTlxckNDUGl0UHRSbjR4d3BEZWlFaUFQYThtYWluMmt0N3ByZGtZM2dQc2sxbHNVR3RBY2t0LVZzemhkaXhlMnpxcjdlQVd3NzFlUmdoV2d2UF9uZzF6ZFl3akRVNFN6RmdmMXJJRk0wOVh4Zm1BaHhoWVdiSVBxWjJOUGhXbmg5YS1KYVFoLTRXQ1lVNGZDSGZ0MFRpWXFOUjNGbHV3?oc=5,
Moody's,https://insurtechdaily.io/company/moody-s/,Cape Analytics,https://insurtechdaily.io/company/cape-analytics/,,Acquisition,no,,,,2025-01-13,TechCrunch,https://news.google.com/rss/articles/CBMixgFBVV95cUxQWGNRWGZwNUp6V3BrN2c1UXpxVzhrdF9LWWtiTjczd1R3UEFaRmxCVXVqemYtVDFXZkFoX3I4U2JLU0t1YzBfTGZQR1dwZXlfcWRvdVJQaHBkT1NzV3pib3FFRi1ObFprY0lwRTRfNVEtWklWOEUteUZDRkJZdUhHTVZINTZoNjJ0TDJDQnMxSDZTRjBSR0NraDd1TVQ4RVZzQmtFQlJTbjZmWk9kY1FnUmdsNmhjMVRFQ0dZVk5JXzJmelFwRFE?oc=5,
Sentry,https://insurtechdaily.io/company/sentry/,The General,https://insurtechdaily.io/company/the-general/,American Family Insurance,Acquisition,yes,1700,1700,USD,2025-01-03,Digital Insurance,https://news.google.com/rss/articles/CBMijwFBVV95cUxQYlNWa0FSMGsyWnBZdmxfTW5TeTRUa0NyeVFCVXFmNXNXTWpGRVhHaHdmQlBuWG5STGRsM1JXMjQtR3BhN09PMnVhZTNRU2wwSEV0VG9uNzF5LWpMbzY3S25FNjBnMi05b3BQVHpQSU83ZTEtdW8teVVlOGZlNWdxLTBxUWwtc01RQ3l2ZENUYw?oc=5,
Zurich,https://insurtechdaily.io/company/zurich/,AIG's travel insurance business,,AIG,Acquisition,no,,,,2024-12-19,FinTech Global,https://news.google.com/rss/articles/CBMisgFBVV95cUxOR0R0UVJhajFITUVJSEdtVGJJTFNnZGoycEp3UVVkemp2Tm00LW55R3RIWk5QY3EzTTNEeGJ0TEdpWmxrRkd0OWMzd09BTWo4ajMwc0ctYWxSWkwxVnhxQmI4dEw0d29yV05VN1hhQ3RsVk90NnQ0MUVtd1FtTTB4NzQ1cnhqRlVTV3VDRzZqMS1KOVNTWlg5ZEVwLUZuUmlJc04wLWowWEYyQjRyb1dCZGhB?oc=5,
Aviva,https://insurtechdaily.io/company/aviva/,Direct Line,https://insurtechdaily.io/company/direct-line/,,Acquisition,yes,4572,3600,GBP,2024-12-10,FinTech Global,https://news.google.com/rss/articles/CBMitgFBVV95cUxOQkYxYjZtZlFLeU5uaWNra1F0WnpWcVBYOFdBUk02ZThxSnFxQkN4MWJGNWkyM2cwbk9jalYwelY2ZjJIZGFGRU5rWk9vbjF4SEk4MHhHdGgwb3ZNYldsTEpBT1VxMTBPQVZwZGMtZWNTQjQwLURVLTFuMmJEUHlyQVFWa2I3M3FUMnh0SVNlQk9SazNTc21EUEFlWXZ3aFlxeHFna3pXVjFkd016aEMxU3p6cmVFZw?oc=5,
Hub International,https://insurtechdaily.io/company/hub-international/,Insuritas,https://insurtechdaily.io/company/insuritas/,,Acquisition,no,,,,2024-12-03,Finovate,https://news.google.com/rss/articles/CBMiekFVX3lxTE9lWTNMSlBESVhzd1VQVUVXRzctdDhvbVhqdEFDNGJNaEtTazRNWUttV3RjZXFNT3VKak1yWmRYRmtuNnBqWV9OQW5pWFpTQ3dQTU0wWkVHTmhqVFFnMWJWZHNJZ2FkajFBTE5kSUNVT0Z6Tmw2a0V6Wktn?oc=5,
Sony Financial,https://insurtechdaily.io/company/sony-financial/,justInCase,https://insurtechdaily.io/company/justincase/,,Acquisition,no,,,,2024-11-27,Medium,https://news.google.com/rss/articles/CBMihwFBVV95cUxPRE42MzY5bFhUTXRaVmZFRzhjdkNDUDRrV1NNYlBFTFgycnRFYWM2SGZfSE5rS05yRjBDSDVfbXR6OWlGRW1MNWcyRUJ4VDd2TEtEWEFJakJ4VlgwbDFnenFSTEFHOXdtYUpVTzRjZ2I2aUNxZU04emtoMVVBRGlnUTNXU3NJRHM?oc=5,
Centana Growth Partners,https://insurtechdaily.io/company/centana-growth-partners/,First Connect,https://insurtechdaily.io/company/first-connect/,Hippo,Majority stake,yes,60,60,USD,2024-11-12,FinTech Global,https://news.google.com/rss/articles/CBMi3AFBVV95cUxOeGVMQUVkdHZIOGxkNVRrYWIyeG9zNmZROHFqZnlyMV90cm9aU3o3enJubGxyY0lqczYwZzEtWnRwMjdZaXZGY0FFdDd5c3JjYk1rODF2NkZTdFltX0NaTkVzWjJOclpTbjZwQnNFNWxsNU1xand1NHdDbHZYV1drT2ZLT2w2SXBSdGU1UER5Q08yaEZuZDVTYVlTVm1qYXc3SDRBU3VZcEdfYzVJVXBFWFhsRXE5d0ZvVDBvUmhLQWFQN1JuWHg2NXF3VzdlRzRtOXB2eFZ0MHNwZlB3?oc=5,Business Wire
Duck Creek,https://insurtechdaily.io/company/duck-creek/,Risk Control Technologies,https://insurtechdaily.io/company/risk-control-technologies/,,Acquisition,no,,,,2024-10-11,FinTech Global,https://news.google.com/rss/articles/CBMiwwFBVV95cUxPaHB0eV9ER0N1WXVSOEpLd0dtSVRyamtfdzFzamFoaFhHSDRrY2NjLWw4RXFUVUdqM3l2eDM4SEVkWGQ5cDRmRXFuWHNfazZLdmY5TWU5OTgxVEtHc0RJR0ZyelNOT1dTaGJsMmdmNDFWQlNYRHNYM0dzRVNvN0VvamtNQ2hEZVZYOFQyV2xqaGN1OEhTd3JnN0dhS1dEMjJJeHNPb0ZXZTZEUXJfSjJNemVaeUpQbDRsaGptQy0zelpGVmM?oc=5,
Akur8,https://insurtechdaily.io/company/akur8/,Arius,,Milliman,Acquisition,no,,,,2024-09-12,theinsurer.com,https://news.google.com/rss/articles/CBMizAFBVV95cUxNWG1xOTNxb0ROUTdPXzVrTC1QTnFjS2lneERVT0JGN0xvRW1JOTVWVDc0X3QyRFNrNTIyU2FnajAzc1Z5S2t5bHJ1ck42WjB3aFJoOVBKZ1lfemJISXdld0lyRVpNdVZyU21nZG5tMkxMRndMWEgxR1hfVFFvUXBUSEtEQ0V3eFVmRXREUktLZmVkTGVxNWhHSnZyQ3BBbzBMTHpvNy1ER2lVUFYzbm1yaDlTeXA0Wnc4bUlidFp4bHozWER5dTJ5N2FIVDk?oc=5,
